Region,Market,Chart,Name,Unit,Source,2000,2001,2002,2003,2004,2005,2006,2007,2008,2009,2010,2011,2012,2013,2014,2015,2016,2017,2018,2019,2020,2021,2022,2023,2024,2025,2026,2027,2028,2029,2030,2031,2032,2033,2034,2035,2036,2037,2038,2039,2040
Worldwide,Beauty & Personal Care,Revenue by Segment,Total,billion USD (US$),Statista,,,,,,,,,,,,,,,492.6,458,464.2,484.5,500.7,508,471.9,503.6,528.6,571.1,590.9,611.2,634.7,663,,,,,,,,,,,,,
Worldwide,Beauty & Personal Care,Revenue by Segment,Cosmetics,billion USD (US$),Statista,,,,,,,,,,,,,,,82.25,77.85,79.59,83.77,87.58,89.88,72.37,80.74,93.05,103.8,108.4,113.2,118.5,125.4,,,,,,,,,,,,,
Worldwide,Beauty & Personal Care,Revenue by Segment,Fragrances,billion USD (US$),Statista,,,,,,,,,,,,,,,54.44,49.41,49.56,51.86,53.08,53.28,46.54,50.58,53.44,58.27,59.87,61.49,63.55,66.21,,,,,,,,,,,,,
Worldwide,Beauty & Personal Care,Revenue by Segment,Personal Care,billion USD (US$),Statista,,,,,,,,,,,,,,,224.9,208.9,210.7,219.2,225.4,227.7,224.3,235.9,238.6,253.3,261.3,269.6,279.1,289.9,,,,,,,,,,,,,
Worldwide,Beauty & Personal Care,Revenue by Segment,Skin Care,billion USD (US$),Statista,,,,,,,,,,,,,,,131,121.9,124.4,129.6,134.7,137.1,128.7,136.4,143.5,155.7,161.3,166.9,173.6,181.5,,,,,,,,,,,,,
Worldwide,Beauty & Personal Care,Revenue Change by Segment,Total,percent,Statista,,,,,,,,,,,,,,,,-7.024,1.354,4.373,3.344,1.458,-7.106,6.718,4.964,8.04,3.467,3.435,3.845,4.459,,,,,,,,,,,,,
Worldwide,Beauty & Personal Care,Revenue Change by Segment,Cosmetics,percent,Statista,,,,,,,,,,,,,,,,-5.35,2.235,5.252,4.548,2.626,-19.482,11.566,15.246,11.553,4.432,4.428,4.682,5.823,,,,,,,,,,,,,
Worldwide,Beauty & Personal Care,Revenue Change by Segment,Fragrances,percent,Statista,,,,,,,,,,,,,,,,-9.24,0.304,4.641,2.352,0.377,-12.65,8.681,5.654,9.038,2.746,2.706,3.35,4.186,,,,,,,,,,,,,
Worldwide,Beauty & Personal Care,Revenue Change by Segment,Personal Care,percent,Statista,,,,,,,,,,,,,,,,-7.114,0.862,4.034,2.828,1.02,-1.493,5.172,1.145,6.161,3.158,3.176,3.524,3.87,,,,,,,,,,,,,
Worldwide,Beauty & Personal Care,Revenue Change by Segment,Skin Care,percent,Statista,,,,,,,,,,,,,,,,-6.947,2.051,4.18,3.935,1.782,-6.127,5.983,5.205,8.502,3.597,3.472,4.014,4.551,,,,,,,,,,,,,
Worldwide,Beauty & Personal Care,Average Revenue per Capita,Total,thousand USD (US$),Statista,,,,,,,,,,,,,,,"69,920","64,260","64,400","66,470","67,970","68,270","62,830","66,490","69,270","74,230","76,200","78,180","80,530","83,460",,,,,,,,,,,,,
Worldwide,Beauty & Personal Care,Average Revenue per Capita,Cosmetics,thousand USD (US$),Statista,,,,,,,,,,,,,,,0.012,0.011,0.011,0.011,0.012,0.012,0.01,0.011,0.012,0.013,0.014,0.014,0.015,0.016,,,,,,,,,,,,,
Worldwide,Beauty & Personal Care,Average Revenue per Capita,Fragrances,thousand USD (US$),Statista,,,,,,,,,,,,,,,0.008,0.007,0.007,0.007,0.007,0.007,0.006,0.007,0.007,0.008,0.008,0.008,0.008,0.008,,,,,,,,,,,,,
Worldwide,Beauty & Personal Care,Average Revenue per Capita,Personal Care,thousand USD (US$),Statista,,,,,,,,,,,,,,,0.032,0.029,0.029,0.03,0.031,0.031,0.03,0.031,0.031,0.033,0.034,0.034,0.035,0.036,,,,,,,,,,,,,
Worldwide,Beauty & Personal Care,Average Revenue per Capita,Skin Care,thousand USD (US$),Statista,,,,,,,,,,,,,,,0.019,0.017,0.017,0.018,0.018,0.018,0.017,0.018,0.019,0.02,0.021,0.021,0.022,0.023,,,,,,,,,,,,,
Worldwide,Beauty & Personal Care,Online Revenue Share,Offline,percent,Statista,,,,,,,,,,,,,,,,,,84.174,82.966,81.595,78.26,76.42,74.612,72.538,69.965,67.027,,,,,,,,,,,,,,,
Worldwide,Beauty & Personal Care,Online Revenue Share,Online,percent,Statista,,,,,,,,,,,,,,,,,,15.826,17.034,18.405,21.74,23.58,25.388,27.462,30.035,32.973,,,,,,,,,,,,,,,
Worldwide,Beauty & Personal Care,Mobile/Desktop Split,Desktop,percent,Statista,,,,,,,,,,,,,,,,,,57.766,53.902,50.669,49.025,46.199,43.4,40.733,38.724,36.721,,,,,,,,,,,,,,,
Worldwide,Beauty & Personal Care,Mobile/Desktop Split,Mobile,percent,Statista,,,,,,,,,,,,,,,,,,42.234,46.098,49.331,50.975,53.801,56.6,59.267,61.276,63.279,,,,,,,,,,,,,,,
Worldwide,Cosmetics,Revenue,Total,billion USD (US$),Statista,,,,,,,,,,,,,,,82.25,77.85,79.59,83.77,87.58,89.88,72.37,80.74,93.05,103.8,108.4,113.2,118.5,125.4,,,,,,,,,,,,,
Worldwide,Cosmetics,Revenue,Eyes,billion USD (US$),Statista,,,,,,,,,,,,,,,22.19,20.92,21.2,22.17,23.06,23.48,22.23,23.49,24.55,26.53,27.47,28.46,29.55,30.84,,,,,,,,,,,,,
Worldwide,Cosmetics,Revenue,Face,billion USD (US$),Statista,,,,,,,,,,,,,,,24.63,23.2,23.88,25.04,26.21,26.89,19.34,22.98,27.92,31.14,32.45,33.83,35.38,37.34,,,,,,,,,,,,,
Worldwide,Cosmetics,Revenue,Lips,billion USD (US$),Statista,,,,,,,,,,,,,,,17.03,16.21,16.6,17.56,18.37,18.92,9.914,11.78,17.7,21.16,22.17,23.15,24.23,26,,,,,,,,,,,,,
Worldwide,Cosmetics,Revenue,Nails,billion USD (US$),Statista,,,,,,,,,,,,,,,10.43,9.796,9.826,10.27,10.59,10.75,10.07,10.56,11.15,12.05,12.46,12.9,13.4,13.97,,,,,,,,,,,,,
Worldwide,Cosmetics,Revenue,Natural Cosmetics,billion USD (US$),Statista,,,,,,,,,,,,,,,7.957,7.727,8.079,8.722,9.351,9.852,10.81,11.92,11.75,12.93,13.87,14.87,16,17.26,,,,,,,,,,,,,
Worldwide,Cosmetics,Revenue Change,Total,percent,Statista,,,,,,,,,,,,,,,,-5.35,2.235,5.252,4.548,2.626,-19.482,11.566,15.246,11.553,4.432,4.428,4.682,5.823,,,,,,,,,,,,,
Worldwide,Cosmetics,Revenue Change,Eyes,percent,Statista,,,,,,,,,,,,,,,,-5.723,1.338,4.575,4.014,1.821,-5.324,5.668,4.513,8.065,3.543,3.604,3.83,4.365,,,,,,,,,,,,,
Worldwide,Cosmetics,Revenue Change,Face,percent,Statista,,,,,,,,,,,,,,,,-5.806,2.931,4.858,4.673,2.594,-28.077,18.821,21.497,11.533,4.207,4.253,4.582,5.54,,,,,,,,,,,,,
Worldwide,Cosmetics,Revenue Change,Lips,percent,Statista,,,,,,,,,,,,,,,,-4.815,2.406,5.783,4.613,2.994,-47.6,18.822,50.255,19.548,4.773,4.42,4.665,7.305,,,,,,,,,,,,,
Worldwide,Cosmetics,Revenue Change,Nails,percent,Statista,,,,,,,,,,,,,,,,-6.079,0.306,4.519,3.116,1.511,-6.326,4.866,5.587,8.072,3.402,3.531,3.876,4.254,,,,,,,,,,,,,
Worldwide,Cosmetics,Revenue Change,Natural Cosmetics,percent,Statista,,,,,,,,,,,,,,,,-2.891,4.555,7.959,7.212,5.358,9.724,10.268,-1.426,10.043,7.27,7.21,7.599,7.875,,,,,,,,,,,,,
Worldwide,Cosmetics,Average Revenue per Capita,Total,USD (US$),Statista,,,,,,,,,,,,,,,11.67,10.92,11.04,11.49,11.89,12.08,9.636,10.66,12.19,13.5,13.98,14.48,15.04,15.79,,,,,,,,,,,,,
Worldwide,Cosmetics,Average Revenue per Capita,Eyes,USD (US$),Statista,,,,,,,,,,,,,,,3.149,2.934,2.94,3.042,3.13,3.156,2.96,3.102,3.216,3.449,3.542,3.64,3.749,3.882,,,,,,,,,,,,,
Worldwide,Cosmetics,Average Revenue per Capita,Face,USD (US$),Statista,,,,,,,,,,,,,,,3.496,3.254,3.313,3.436,3.558,3.613,2.576,3.034,3.658,4.048,4.184,4.327,4.488,4.7,,,,,,,,,,,,,
Worldwide,Cosmetics,Average Revenue per Capita,Lips,USD (US$),Statista,,,,,,,,,,,,,,,2.418,2.274,2.303,2.409,2.494,2.542,1.32,1.556,2.319,2.751,2.859,2.96,3.074,3.273,,,,,,,,,,,,,
Worldwide,Cosmetics,Average Revenue per Capita,Nails,USD (US$),Statista,,,,,,,,,,,,,,,1.481,1.374,1.363,1.409,1.438,1.445,1.341,1.394,1.461,1.567,1.606,1.649,1.7,1.759,,,,,,,,,,,,,
Worldwide,Cosmetics,Average Revenue per Capita,Natural Cosmetics,USD (US$),Statista,,,,,,,,,,,,,,,1.129,1.084,1.121,1.197,1.269,1.324,1.439,1.574,1.539,1.681,1.788,1.902,2.03,2.172,,,,,,,,,,,,,
Worldwide,Cosmetics,Luxury Revenue Share ,Luxury,percent,Statista,,,,,,,,,,,,,,,25.152,24.853,25.129,25.571,26.509,27.641,29.247,31.095,29.805,28.748,29.031,29.058,,,,,,,,,,,,,,,
Worldwide,Cosmetics,Luxury Revenue Share ,Non-Luxury,percent,Statista,,,,,,,,,,,,,,,74.848,75.147,74.871,74.429,73.491,72.359,70.753,68.905,70.195,71.252,70.969,70.942,,,,,,,,,,,,,,,
Worldwide,Cosmetics,Online Revenue Share,Offline,percent,Statista,,,,,,,,,,,,,,,,,,81.122,80.022,78.78,75.156,73.513,71.809,69.869,67.439,64.683,,,,,,,,,,,,,,,
Worldwide,Cosmetics,Online Revenue Share,Online,percent,Statista,,,,,,,,,,,,,,,,,,18.878,19.978,21.22,24.844,26.487,28.191,30.131,32.561,35.317,,,,,,,,,,,,,,,
Worldwide,Cosmetics,Mobile/Desktop Split,Desktop,percent,Statista,,,,,,,,,,,,,,,,,,57.221,52.742,48.823,46.801,43.213,39.821,36.484,33.901,31.271,,,,,,,,,,,,,,,
Worldwide,Cosmetics,Mobile/Desktop Split,Mobile,percent,Statista,,,,,,,,,,,,,,,,,,42.779,47.258,51.177,53.199,56.787,60.179,63.516,66.099,68.729,,,,,,,,,,,,,,,
Worldwide,Face,Revenue,Total,billion USD (US$),Statista,,,,,,,,,,,,,,,24.63,23.2,23.88,25.04,26.21,26.89,19.34,22.98,27.92,31.14,32.45,33.83,35.38,37.34,,,,,,,,,,,,,
Worldwide,Face,Revenue Change,Total,percent,Statista,,,,,,,,,,,,,,,,-5.806,2.931,4.858,4.673,2.594,-28.077,18.821,21.497,11.533,4.207,4.253,4.582,5.54,,,,,,,,,,,,,
Worldwide,Face,Average Revenue per Capita,Total,USD (US$),Statista,,,,,,,,,,,,,,,3.496,3.254,3.313,3.436,3.558,3.613,2.576,3.034,3.658,4.048,4.184,4.327,4.488,4.7,,,,,,,,,,,,,
Worldwide,Face,Online Revenue Share,Offline,percent,Statista,,,,,,,,,,,,,,,,,,84.004,82.648,81.101,77.629,75.391,73.291,70.894,67.995,64.686,,,,,,,,,,,,,,,
Worldwide,Face,Online Revenue Share,Online,percent,Statista,,,,,,,,,,,,,,,,,,15.996,17.352,18.899,22.371,24.609,26.709,29.106,32.005,35.314,,,,,,,,,,,,,,,
Worldwide,Face,Mobile/Desktop Split,Desktop,percent,Statista,,,,,,,,,,,,,,,,,,56.475,52.456,49.274,47.699,45.126,42.438,39.919,37.856,35.808,,,,,,,,,,,,,,,
Worldwide,Face,Mobile/Desktop Split,Mobile,percent,Statista,,,,,,,,,,,,,,,,,,43.525,47.544,50.726,52.301,54.874,57.562,60.081,62.144,64.192,,,,,,,,,,,,,,,
Worldwide,Lips,Revenue,Total,billion USD (US$),Statista,,,,,,,,,,,,,,,17.03,16.21,16.6,17.56,18.37,18.92,9.914,11.78,17.7,21.16,22.17,23.15,24.23,26,,,,,,,,,,,,,
Worldwide,Lips,Revenue Change,Total,percent,Statista,,,,,,,,,,,,,,,,-4.815,2.406,5.783,4.613,2.994,-47.6,18.822,50.255,19.548,4.773,4.42,4.665,7.305,,,,,,,,,,,,,
Worldwide,Lips,Average Revenue per Capita,Total,USD (US$),Statista,,,,,,,,,,,,,,,2.418,2.274,2.303,2.409,2.494,2.542,1.32,1.556,2.319,2.751,2.859,2.96,3.074,3.273,,,,,,,,,,,,,
Worldwide,Lips,Online Revenue Share,Offline,percent,Statista,,,,,,,,,,,,,,,,,,80.69,79.766,78.694,75.055,73.552,72.007,70.183,67.806,65.053,,,,,,,,,,,,,,,
Worldwide,Lips,Online Revenue Share,Online,percent,Statista,,,,,,,,,,,,,,,,,,19.31,20.234,21.306,24.945,26.448,27.993,29.817,32.194,34.947,,,,,,,,,,,,,,,
Worldwide,Lips,Mobile/Desktop Split,Desktop,percent,Statista,,,,,,,,,,,,,,,,,,56.419,51.937,47.992,46.299,42.777,39.399,36.119,33.705,31.307,,,,,,,,,,,,,,,
Worldwide,Lips,Mobile/Desktop Split,Mobile,percent,Statista,,,,,,,,,,,,,,,,,,43.581,48.063,52.008,53.701,57.223,60.601,63.881,66.295,68.693,,,,,,,,,,,,,,,
Worldwide,Eyes,Revenue,Total,billion USD (US$),Statista,,,,,,,,,,,,,,,22.19,20.92,21.2,22.17,23.06,23.48,22.23,23.49,24.55,26.53,27.47,28.46,29.55,30.84,,,,,,,,,,,,,
Worldwide,Eyes,Revenue Change,Total,percent,Statista,,,,,,,,,,,,,,,,-5.723,1.338,4.575,4.014,1.821,-5.324,5.668,4.513,8.065,3.543,3.604,3.83,4.365,,,,,,,,,,,,,
Worldwide,Eyes,Average Revenue per Capita,Total,USD (US$),Statista,,,,,,,,,,,,,,,3.149,2.934,2.94,3.042,3.13,3.156,2.96,3.102,3.216,3.449,3.542,3.64,3.749,3.882,,,,,,,,,,,,,
Worldwide,Eyes,Online Revenue Share,Offline,percent,Statista,,,,,,,,,,,,,,,,,,80.725,79.585,78.314,74.607,72.931,71.233,69.298,66.866,64.099,,,,,,,,,,,,,,,
Worldwide,Eyes,Online Revenue Share,Online,percent,Statista,,,,,,,,,,,,,,,,,,19.275,20.415,21.686,25.393,27.069,28.767,30.702,33.134,35.901,,,,,,,,,,,,,,,
Worldwide,Eyes,Mobile/Desktop Split,Desktop,percent,Statista,,,,,,,,,,,,,,,,,,57.656,53.229,49.365,47.356,43.914,40.624,37.418,34.994,32.557,,,,,,,,,,,,,,,
Worldwide,Eyes,Mobile/Desktop Split,Mobile,percent,Statista,,,,,,,,,,,,,,,,,,42.344,46.771,50.635,52.644,56.086,59.376,62.582,65.006,67.443,,,,,,,,,,,,,,,
Worldwide,Nails,Revenue,Total,billion USD (US$),Statista,,,,,,,,,,,,,,,10.43,9.796,9.826,10.27,10.59,10.75,10.07,10.56,11.15,12.05,12.46,12.9,13.4,13.97,,,,,,,,,,,,,
Worldwide,Nails,Revenue Change,Total,percent,Statista,,,,,,,,,,,,,,,,-6.079,0.306,4.519,3.116,1.511,-6.326,4.866,5.587,8.072,3.402,3.531,3.876,4.254,,,,,,,,,,,,,
Worldwide,Nails,Average Revenue per Capita,Total,USD (US$),Statista,,,,,,,,,,,,,,,1.481,1.374,1.363,1.409,1.438,1.445,1.341,1.394,1.461,1.567,1.606,1.649,1.7,1.759,,,,,,,,,,,,,
Worldwide,Nails,Online Revenue Share,Offline,percent,Statista,,,,,,,,,,,,,,,,,,80.998,79.997,78.862,75.097,73.565,72.163,70.483,68.242,65.603,,,,,,,,,,,,,,,
Worldwide,Nails,Online Revenue Share,Online,percent,Statista,,,,,,,,,,,,,,,,,,19.002,20.003,21.138,24.903,26.435,27.837,29.517,31.758,34.397,,,,,,,,,,,,,,,
Worldwide,Nails,Mobile/Desktop Split,Desktop,percent,Statista,,,,,,,,,,,,,,,,,,56.302,52.358,48.777,47.489,44.142,40.661,37.255,34.723,32.206,,,,,,,,,,,,,,,
Worldwide,Nails,Mobile/Desktop Split,Mobile,percent,Statista,,,,,,,,,,,,,,,,,,43.698,47.642,51.223,52.511,55.858,59.339,62.745,65.277,67.794,,,,,,,,,,,,,,,
Worldwide,Natural Cosmetics,Revenue,Total,billion USD (US$),Statista,,,,,,,,,,,,,,,7.957,7.727,8.079,8.722,9.351,9.852,10.81,11.92,11.75,12.93,13.87,14.87,16,17.26,,,,,,,,,,,,,
Worldwide,Natural Cosmetics,Revenue Change,Total,percent,Statista,,,,,,,,,,,,,,,,-2.891,4.555,7.959,7.212,5.358,9.724,10.268,-1.426,10.043,7.27,7.21,7.599,7.875,,,,,,,,,,,,,
Worldwide,Natural Cosmetics,Average Revenue per Capita,Total,USD (US$),Statista,,,,,,,,,,,,,,,1.129,1.084,1.121,1.197,1.269,1.324,1.439,1.574,1.539,1.681,1.788,1.902,2.03,2.172,,,,,,,,,,,,,
Worldwide,Natural Cosmetics,Online Revenue Share,Offline,percent,Statista,,,,,,,,,,,,,,,,,,80.707,80.111,79.387,76.179,75.38,74.026,72.479,70.486,68.253,,,,,,,,,,,,,,,
Worldwide,Natural Cosmetics,Online Revenue Share,Online,percent,Statista,,,,,,,,,,,,,,,,,,19.293,19.889,20.613,23.821,24.62,25.974,27.521,29.514,31.747,,,,,,,,,,,,,,,
Worldwide,Natural Cosmetics,Mobile/Desktop Split,Desktop,percent,Statista,,,,,,,,,,,,,,,,,,55.992,50.028,44.301,41.1,35.088,30.325,25.494,21.603,17.58,,,,,,,,,,,,,,,
Worldwide,Natural Cosmetics,Mobile/Desktop Split,Mobile,percent,Statista,,,,,,,,,,,,,,,,,,44.008,49.972,55.699,58.9,64.912,69.675,74.506,78.397,82.42,,,,,,,,,,,,,,,
Worldwide,Skin Care,Revenue,Total,billion USD (US$),Statista,,,,,,,,,,,,,,,131,121.9,124.4,129.6,134.7,137.1,128.7,136.4,143.5,155.7,161.3,166.9,173.6,181.5,,,,,,,,,,,,,
Worldwide,Skin Care,Revenue,Baby & Child,billion USD (US$),Statista,,,,,,,,,,,,,,,3.814,3.601,3.621,3.785,3.932,4.031,3.902,4.135,4.289,4.649,4.842,5.048,5.272,5.527,,,,,,,,,,,,,
Worldwide,Skin Care,Revenue,Body,billion USD (US$),Statista,,,,,,,,,,,,,,,27.9,25.94,25.97,27.06,27.8,28.16,26.25,27.49,28.92,31.26,32.17,33.23,34.44,35.86,,,,,,,,,,,,,
Worldwide,Skin Care,Revenue,Face,billion USD (US$),Statista,,,,,,,,,,,,,,,89.86,83.61,85.95,89.51,93.26,95.17,90.76,96.48,100.5,108.9,112.8,116.7,121.4,126.9,,,,,,,,,,,,,
Worldwide,Skin Care,Revenue,Sun Protection,billion USD (US$),Statista,,,,,,,,,,,,,,,9.479,8.736,8.842,9.276,9.663,9.758,7.781,8.281,9.786,10.83,11.52,11.95,12.47,13.2,,,,,,,,,,,,,
Worldwide,Skin Care,Revenue Change,Total,percent,Statista,,,,,,,,,,,,,,,,-6.947,2.051,4.18,3.935,1.782,-6.127,5.983,5.205,8.502,3.597,3.472,4.014,4.551,,,,,,,,,,,,,
Worldwide,Skin Care,Revenue Change,Baby & Child,percent,Statista,,,,,,,,,,,,,,,,-5.585,0.555,4.529,3.884,2.518,-3.2,5.971,3.724,8.394,4.151,4.254,4.437,4.837,,,,,,,,,,,,,
Worldwide,Skin Care,Revenue Change,Body,percent,Statista,,,,,,,,,,,,,,,,-7.025,0.116,4.197,2.735,1.295,-6.783,4.724,5.202,8.091,2.911,3.295,3.641,4.123,,,,,,,,,,,,,
Worldwide,Skin Care,Revenue Change,Face,percent,Statista,,,,,,,,,,,,,,,,-6.955,2.799,4.142,4.189,2.048,-4.634,6.302,4.167,8.358,3.581,3.457,4.027,4.53,,,,,,,,,,,,,
Worldwide,Skin Care,Revenue Change,Sun Protection,percent,Statista,,,,,,,,,,,,,,,,-7.838,1.213,4.908,4.172,0.983,-20.26,6.426,18.174,10.668,6.371,3.733,4.351,5.854,,,,,,,,,,,,,
Worldwide,Skin Care,Average Revenue per Capita,Total,USD (US$),Statista,,,,,,,,,,,,,,,18.6,17.1,17.25,17.78,18.28,18.43,17.14,18.01,18.81,20.24,20.8,21.35,22.02,22.85,,,,,,,,,,,,,
Worldwide,Skin Care,Average Revenue per Capita,Baby & Child,USD (US$),Statista,,,,,,,,,,,,,,,0.541,0.505,0.502,0.519,0.534,0.542,0.52,0.546,0.562,0.604,0.624,0.646,0.669,0.696,,,,,,,,,,,,,
Worldwide,Skin Care,Average Revenue per Capita,Body,USD (US$),Statista,,,,,,,,,,,,,,,3.959,3.64,3.603,3.713,3.773,3.785,3.495,3.63,3.789,4.063,4.148,4.25,4.37,4.514,,,,,,,,,,,,,
Worldwide,Skin Care,Average Revenue per Capita,Face,USD (US$),Statista,,,,,,,,,,,,,,,12.75,11.73,11.92,12.28,12.66,12.79,12.09,12.74,13.17,14.16,14.54,14.93,15.4,15.98,,,,,,,,,,,,,
Worldwide,Skin Care,Average Revenue per Capita,Sun Protection,USD (US$),Statista,,,,,,,,,,,,,,,1.345,1.226,1.227,1.273,1.312,1.311,1.036,1.093,1.282,1.408,1.485,1.529,1.582,1.662,,,,,,,,,,,,,
Worldwide,Skin Care,Luxury Revenue Share ,Luxury,percent,Statista,,,,,,,,,,,,,,,20.252,19.885,20.661,21.318,22.706,24.641,23.168,25.939,27.383,27.51,28.231,28.696,,,,,,,,,,,,,,,
Worldwide,Skin Care,Luxury Revenue Share ,Non-Luxury,percent,Statista,,,,,,,,,,,,,,,79.748,80.115,79.339,78.682,77.294,75.359,76.832,74.061,72.617,72.49,71.769,71.304,,,,,,,,,,,,,,,
Worldwide,Skin Care,Online Revenue Share,Offline,percent,Statista,,,,,,,,,,,,,,,,,,83.623,82.336,80.867,77.316,75.128,73.177,70.921,68.138,64.93,,,,,,,,,,,,,,,
Worldwide,Skin Care,Online Revenue Share,Online,percent,Statista,,,,,,,,,,,,,,,,,,16.377,17.664,19.133,22.684,24.872,26.823,29.079,31.862,35.07,,,,,,,,,,,,,,,
Worldwide,Skin Care,Mobile/Desktop Split,Desktop,percent,Statista,,,,,,,,,,,,,,,,,,56.52,52.591,49.396,47.946,45.394,42.608,40,37.934,35.905,,,,,,,,,,,,,,,
Worldwide,Skin Care,Mobile/Desktop Split,Mobile,percent,Statista,,,,,,,,,,,,,,,,,,43.48,47.409,50.604,52.054,54.606,57.392,60,62.066,64.095,,,,,,,,,,,,,,,
Worldwide,Face,Revenue,Total,billion USD (US$),Statista,,,,,,,,,,,,,,,89.86,83.61,85.95,89.51,93.26,95.17,90.76,96.48,100.5,108.9,112.8,116.7,121.4,126.9,,,,,,,,,,,,,
Worldwide,Face,Revenue Change,Total,percent,Statista,,,,,,,,,,,,,,,,-6.955,2.799,4.142,4.189,2.048,-4.634,6.302,4.167,8.358,3.581,3.457,4.027,4.53,,,,,,,,,,,,,
Worldwide,Face,Average Revenue per Capita,Total,USD (US$),Statista,,,,,,,,,,,,,,,12.75,11.73,11.92,12.28,12.66,12.79,12.09,12.74,13.17,14.16,14.54,14.93,15.4,15.98,,,,,,,,,,,,,
Worldwide,Body,Revenue,Total,billion USD (US$),Statista,,,,,,,,,,,,,,,27.9,25.94,25.97,27.06,27.8,28.16,26.25,27.49,28.92,31.26,32.17,33.23,34.44,35.86,,,,,,,,,,,,,
Worldwide,Body,Revenue Change,Total,percent,Statista,,,,,,,,,,,,,,,,-7.025,0.116,4.197,2.735,1.295,-6.783,4.724,5.202,8.091,2.911,3.295,3.641,4.123,,,,,,,,,,,,,
Worldwide,Body,Average Revenue per Capita,Total,USD (US$),Statista,,,,,,,,,,,,,,,3.959,3.64,3.603,3.713,3.773,3.785,3.495,3.63,3.789,4.063,4.148,4.25,4.37,4.514,,,,,,,,,,,,,
Worldwide,Body,Online Revenue Share,Offline,percent,Statista,,,,,,,,,,,,,,,,,,82.623,81.531,80.278,76.453,74.31,72.828,70.998,68.54,65.582,,,,,,,,,,,,,,,
Worldwide,Body,Online Revenue Share,Online,percent,Statista,,,,,,,,,,,,,,,,,,17.377,18.469,19.722,23.547,25.69,27.172,29.002,31.46,34.418,,,,,,,,,,,,,,,
Worldwide,Body,Mobile/Desktop Split,Desktop,percent,Statista,,,,,,,,,,,,,,,,,,56.682,53.173,50.135,49.304,47.046,44.101,41.367,39.489,37.736,,,,,,,,,,,,,,,
Worldwide,Body,Mobile/Desktop Split,Mobile,percent,Statista,,,,,,,,,,,,,,,,,,43.318,46.827,49.865,50.696,52.954,55.899,58.633,60.511,62.264,,,,,,,,,,,,,,,
Worldwide,Sun Protection,Revenue,Total,billion USD (US$),Statista,,,,,,,,,,,,,,,9.479,8.736,8.842,9.276,9.663,9.758,7.781,8.281,9.786,10.83,11.52,11.95,12.47,13.2,,,,,,,,,,,,,
Worldwide,Sun Protection,Revenue Change,Total,percent,Statista,,,,,,,,,,,,,,,,-7.838,1.213,4.908,4.172,0.983,-20.26,6.426,18.174,10.668,6.371,3.733,4.351,5.854,,,,,,,,,,,,,
Worldwide,Sun Protection,Average Revenue per Capita,Total,USD (US$),Statista,,,,,,,,,,,,,,,1.345,1.226,1.227,1.273,1.312,1.311,1.036,1.093,1.282,1.408,1.485,1.529,1.582,1.662,,,,,,,,,,,,,
Worldwide,Sun Protection,Online Revenue Share,Offline,percent,Statista,,,,,,,,,,,,,,,,,,82.974,81.644,80.157,76.684,74.754,72.719,70.433,67.734,64.683,,,,,,,,,,,,,,,
Worldwide,Sun Protection,Online Revenue Share,Online,percent,Statista,,,,,,,,,,,,,,,,,,17.026,18.356,19.843,23.316,25.246,27.281,29.567,32.266,35.317,,,,,,,,,,,,,,,
Worldwide,Sun Protection,Mobile/Desktop Split,Desktop,percent,Statista,,,,,,,,,,,,,,,,,,56.673,52.337,48.725,46.541,43.512,40.51,37.649,35.216,32.764,,,,,,,,,,,,,,,
Worldwide,Sun Protection,Mobile/Desktop Split,Mobile,percent,Statista,,,,,,,,,,,,,,,,,,43.327,47.663,51.275,53.459,56.488,59.49,62.351,64.784,67.236,,,,,,,,,,,,,,,
Worldwide,Baby & Child,Revenue,Total,billion USD (US$),Statista,,,,,,,,,,,,,,,3.814,3.601,3.621,3.785,3.932,4.031,3.902,4.135,4.289,4.649,4.842,5.048,5.272,5.527,,,,,,,,,,,,,
Worldwide,Baby & Child,Revenue Change,Total,percent,Statista,,,,,,,,,,,,,,,,-5.585,0.555,4.529,3.884,2.518,-3.2,5.971,3.724,8.394,4.151,4.254,4.437,4.837,,,,,,,,,,,,,
Worldwide,Baby & Child,Average Revenue per Capita,Total,USD (US$),Statista,,,,,,,,,,,,,,,0.541,0.505,0.502,0.519,0.534,0.542,0.52,0.546,0.562,0.604,0.624,0.646,0.669,0.696,,,,,,,,,,,,,
Worldwide,Baby & Child,Online Revenue Share,Offline,percent,Statista,,,,,,,,,,,,,,,,,,83.317,82.33,81.186,77.4,75.47,73.997,72.214,69.792,66.904,,,,,,,,,,,,,,,
Worldwide,Baby & Child,Online Revenue Share,Online,percent,Statista,,,,,,,,,,,,,,,,,,16.683,17.67,18.814,22.6,24.53,26.003,27.786,30.208,33.096,,,,,,,,,,,,,,,
Worldwide,Baby & Child,Mobile/Desktop Split,Desktop,percent,Statista,,,,,,,,,,,,,,,,,,55.973,52.057,48.556,47.445,44.548,41.4,38.41,36.121,33.906,,,,,,,,,,,,,,,
Worldwide,Baby & Child,Mobile/Desktop Split,Mobile,percent,Statista,,,,,,,,,,,,,,,,,,44.027,47.943,51.444,52.555,55.452,58.6,61.59,63.879,66.094,,,,,,,,,,,,,,,
Worldwide,Personal Care,Revenue,Total,billion USD (US$),Statista,,,,,,,,,,,,,,,224.9,208.9,210.7,219.2,225.4,227.7,224.3,235.9,238.6,253.3,261.3,269.6,279.1,289.9,,,,,,,,,,,,,
Worldwide,Personal Care,Revenue,Deodorants,billion USD (US$),Statista,,,,,,,,,,,,,,,22.57,20.76,21.03,22.07,22.63,22.95,21.6,22.78,23.74,25.7,26.64,27.56,28.6,29.86,,,,,,,,,,,,,
Worldwide,Personal Care,Revenue,Hair Care,billion USD (US$),Statista,,,,,,,,,,,,,,,84.41,77.69,78.25,81.13,83.1,83.63,80.6,84.39,86.32,91.23,93.74,96.43,99.44,102.8,,,,,,,,,,,,,
Worldwide,Personal Care,Revenue,Oral Care,billion USD (US$),Statista,,,,,,,,,,,,,,,44.99,42.06,42.51,44.2,45.71,46.2,45.88,48.5,48.6,51.45,53.14,54.79,56.75,58.94,,,,,,,,,,,,,
Worldwide,Personal Care,Revenue,Shaving,billion USD (US$),Statista,,,,,,,,,,,,,,,32.3,30.19,30.1,31.16,31.83,32.08,31.11,32.38,33.46,35.37,36.46,37.63,38.95,40.45,,,,,,,,,,,,,
Worldwide,Personal Care,Revenue,Shower & Bath,billion USD (US$),Statista,,,,,,,,,,,,,,,40.64,38.2,38.81,40.65,42.09,42.85,45.06,47.83,46.48,49.54,51.34,53.19,55.34,57.78,,,,,,,,,,,,,
Worldwide,Personal Care,Revenue Change,Total,percent,Statista,,,,,,,,,,,,,,,,-7.114,0.862,4.034,2.828,1.02,-1.493,5.172,1.145,6.161,3.158,3.176,3.524,3.87,,,,,,,,,,,,,
Worldwide,Personal Care,Revenue Change,Deodorants,percent,Statista,,,,,,,,,,,,,,,,-8.019,1.301,4.945,2.537,1.414,-5.882,5.463,4.214,8.256,3.658,3.453,3.774,4.406,,,,,,,,,,,,,
Worldwide,Personal Care,Revenue Change,Hair Care,percent,Statista,,,,,,,,,,,,,,,,-7.961,0.721,3.681,2.428,0.638,-3.623,4.702,2.287,5.688,2.751,2.87,3.121,3.379,,,,,,,,,,,,,
Worldwide,Personal Care,Revenue Change,Oral Care,percent,Statista,,,,,,,,,,,,,,,,-6.513,1.07,3.976,3.416,1.072,-0.693,5.711,0.206,5.864,3.285,3.105,3.577,3.859,,,,,,,,,,,,,
Worldwide,Personal Care,Revenue Change,Shaving,percent,Statista,,,,,,,,,,,,,,,,-6.533,-0.298,3.522,2.15,0.785,-3.024,4.082,3.335,5.708,3.082,3.209,3.508,3.851,,,,,,,,,,,,,
Worldwide,Personal Care,Revenue Change,Shower & Bath,percent,Statista,,,,,,,,,,,,,,,,-6.004,1.597,4.741,3.542,1.806,5.158,6.147,-2.822,6.583,3.633,3.603,4.042,4.409,,,,,,,,,,,,,
Worldwide,Personal Care,Average Revenue per Capita,Total,USD (US$),Statista,,,,,,,,,,,,,,,31.92,29.31,29.23,30.07,30.59,30.6,29.86,31.15,31.27,32.93,33.7,34.48,35.41,36.49,,,,,,,,,,,,,
Worldwide,Personal Care,Average Revenue per Capita,Deodorants,USD (US$),Statista,,,,,,,,,,,,,,,3.203,2.912,2.917,3.028,3.073,3.085,2.877,3.008,3.111,3.341,3.436,3.525,3.629,3.759,,,,,,,,,,,,,
Worldwide,Personal Care,Average Revenue per Capita,Hair Care,USD (US$),Statista,,,,,,,,,,,,,,,11.98,10.9,10.86,11.13,11.28,11.24,10.73,11.14,11.31,11.86,12.09,12.33,12.62,12.95,,,,,,,,,,,,,
Worldwide,Personal Care,Average Revenue per Capita,Oral Care,USD (US$),Statista,,,,,,,,,,,,,,,6.386,5.9,5.897,6.064,6.206,6.209,6.109,6.405,6.369,6.689,6.853,7.007,7.2,7.419,,,,,,,,,,,,,
Worldwide,Personal Care,Average Revenue per Capita,Shaving,USD (US$),Statista,,,,,,,,,,,,,,,4.584,4.236,4.175,4.275,4.321,4.312,4.143,4.275,4.385,4.598,4.701,4.813,4.941,5.092,,,,,,,,,,,,,
Worldwide,Personal Care,Average Revenue per Capita,Shower & Bath,USD (US$),Statista,,,,,,,,,,,,,,,5.768,5.359,5.384,5.577,5.713,5.759,6,6.315,6.091,6.44,6.62,6.803,7.022,7.273,,,,,,,,,,,,,
Worldwide,Personal Care,Online Revenue Share,Offline,percent,Statista,,,,,,,,,,,,,,,,,,83.566,82.209,80.705,77.031,75.192,73.326,71.166,68.462,65.333,,,,,,,,,,,,,,,
Worldwide,Personal Care,Online Revenue Share,Online,percent,Statista,,,,,,,,,,,,,,,,,,16.434,17.791,19.295,22.969,24.808,26.674,28.834,31.538,34.667,,,,,,,,,,,,,,,
Worldwide,Personal Care,Mobile/Desktop Split,Desktop,percent,Statista,,,,,,,,,,,,,,,,,,58.57,55.097,52.182,50.798,48.079,45.427,42.927,41.106,39.329,,,,,,,,,,,,,,,
Worldwide,Personal Care,Mobile/Desktop Split,Mobile,percent,Statista,,,,,,,,,,,,,,,,,,41.43,44.903,47.818,49.202,51.921,54.573,57.073,58.894,60.671,,,,,,,,,,,,,,,
Worldwide,Hair Care,Revenue,Total,billion USD (US$),Statista,,,,,,,,,,,,,,,84.41,77.69,78.25,81.13,83.1,83.63,80.6,84.39,86.32,91.23,93.74,96.43,99.44,102.8,,,,,,,,,,,,,
Worldwide,Hair Care,Revenue Change,Total,percent,Statista,,,,,,,,,,,,,,,,-7.961,0.721,3.681,2.428,0.638,-3.623,4.702,2.287,5.688,2.751,2.87,3.121,3.379,,,,,,,,,,,,,
Worldwide,Hair Care,Average Revenue per Capita,Total,USD (US$),Statista,,,,,,,,,,,,,,,11.98,10.9,10.86,11.13,11.28,11.24,10.73,11.14,11.31,11.86,12.09,12.33,12.62,12.95,,,,,,,,,,,,,
Worldwide,Hair Care,Online Revenue Share,Offline,percent,Statista,,,,,,,,,,,,,,,,,,83.425,82.012,80.458,76.707,74.765,72.91,70.755,68.034,64.88,,,,,,,,,,,,,,,
Worldwide,Hair Care,Online Revenue Share,Online,percent,Statista,,,,,,,,,,,,,,,,,,16.575,17.988,19.542,23.293,25.235,27.09,29.245,31.966,35.12,,,,,,,,,,,,,,,
Worldwide,Hair Care,Mobile/Desktop Split,Desktop,percent,Statista,,,,,,,,,,,,,,,,,,58.907,55.638,52.96,51.754,49.333,46.856,44.559,42.929,41.368,,,,,,,,,,,,,,,
Worldwide,Hair Care,Mobile/Desktop Split,Mobile,percent,Statista,,,,,,,,,,,,,,,,,,41.093,44.362,47.04,48.246,50.667,53.144,55.441,57.071,58.632,,,,,,,,,,,,,,,
Worldwide,Shower & Bath,Revenue,Total,billion USD (US$),Statista,,,,,,,,,,,,,,,40.64,38.2,38.81,40.65,42.09,42.85,45.06,47.83,46.48,49.54,51.34,53.19,55.34,57.78,,,,,,,,,,,,,
Worldwide,Shower & Bath,Revenue Change,Total,percent,Statista,,,,,,,,,,,,,,,,-6.004,1.597,4.741,3.542,1.806,5.158,6.147,-2.822,6.583,3.633,3.603,4.042,4.409,,,,,,,,,,,,,
Worldwide,Shower & Bath,Average Revenue per Capita,Total,USD (US$),Statista,,,,,,,,,,,,,,,5.768,5.359,5.384,5.577,5.713,5.759,6,6.315,6.091,6.44,6.62,6.803,7.022,7.273,,,,,,,,,,,,,
Worldwide,Shower & Bath,Online Revenue Share,Offline,percent,Statista,,,,,,,,,,,,,,,,,,83.816,82.509,81.06,77.698,75.949,74.049,71.88,69.208,66.131,,,,,,,,,,,,,,,
Worldwide,Shower & Bath,Online Revenue Share,Online,percent,Statista,,,,,,,,,,,,,,,,,,16.184,17.491,18.94,22.302,24.051,25.951,28.12,30.792,33.869,,,,,,,,,,,,,,,
Worldwide,Shower & Bath,Mobile/Desktop Split,Desktop,percent,Statista,,,,,,,,,,,,,,,,,,58.771,54.971,51.78,49.909,47.051,44.331,41.738,39.824,37.936,,,,,,,,,,,,,,,
Worldwide,Shower & Bath,Mobile/Desktop Split,Mobile,percent,Statista,,,,,,,,,,,,,,,,,,41.229,45.029,48.22,50.091,52.949,55.669,58.262,60.176,62.064,,,,,,,,,,,,,,,
Worldwide,Shaving,Revenue,Total,billion USD (US$),Statista,,,,,,,,,,,,,,,32.3,30.19,30.1,31.16,31.83,32.08,31.11,32.38,33.46,35.37,36.46,37.63,38.95,40.45,,,,,,,,,,,,,
Worldwide,Shaving,Revenue Change,Total,percent,Statista,,,,,,,,,,,,,,,,-6.533,-0.298,3.522,2.15,0.785,-3.024,4.082,3.335,5.708,3.082,3.209,3.508,3.851,,,,,,,,,,,,,
Worldwide,Shaving,Average Revenue per Capita,Total,USD (US$),Statista,,,,,,,,,,,,,,,4.584,4.236,4.175,4.275,4.321,4.312,4.143,4.275,4.385,4.598,4.701,4.813,4.941,5.092,,,,,,,,,,,,,
Worldwide,Shaving,Online Revenue Share,Offline,percent,Statista,,,,,,,,,,,,,,,,,,81.487,80.412,79.235,75.357,74.34,73.012,71.411,69.219,66.594,,,,,,,,,,,,,,,
Worldwide,Shaving,Online Revenue Share,Online,percent,Statista,,,,,,,,,,,,,,,,,,18.513,19.588,20.765,24.643,25.66,26.988,28.589,30.781,33.406,,,,,,,,,,,,,,,
Worldwide,Shaving,Mobile/Desktop Split,Desktop,percent,Statista,,,,,,,,,,,,,,,,,,56.222,52.358,48.888,47.91,44.013,40.585,37.264,34.863,32.549,,,,,,,,,,,,,,,
Worldwide,Shaving,Mobile/Desktop Split,Mobile,percent,Statista,,,,,,,,,,,,,,,,,,43.778,47.642,51.112,52.09,55.987,59.415,62.736,65.137,67.451,,,,,,,,,,,,,,,
Worldwide,Deodorants,Revenue,Total,billion USD (US$),Statista,,,,,,,,,,,,,,,22.57,20.76,21.03,22.07,22.63,22.95,21.6,22.78,23.74,25.7,26.64,27.56,28.6,29.86,,,,,,,,,,,,,
Worldwide,Deodorants,Revenue Change,Total,percent,Statista,,,,,,,,,,,,,,,,-8.019,1.301,4.945,2.537,1.414,-5.882,5.463,4.214,8.256,3.658,3.453,3.774,4.406,,,,,,,,,,,,,
Worldwide,Deodorants,Average Revenue per Capita,Total,USD (US$),Statista,,,,,,,,,,,,,,,3.203,2.912,2.917,3.028,3.073,3.085,2.877,3.008,3.111,3.341,3.436,3.525,3.629,3.759,,,,,,,,,,,,,
Worldwide,Deodorants,Online Revenue Share,Offline,percent,Statista,,,,,,,,,,,,,,,,,,89.069,87.423,85.569,82.186,79.54,77.015,74.15,70.779,66.918,,,,,,,,,,,,,,,
Worldwide,Deodorants,Online Revenue Share,Online,percent,Statista,,,,,,,,,,,,,,,,,,10.931,12.577,14.431,17.814,20.46,22.985,25.85,29.221,33.082,,,,,,,,,,,,,,,
Worldwide,Deodorants,Mobile/Desktop Split,Desktop,percent,Statista,,,,,,,,,,,,,,,,,,63.508,60.405,57.881,55.637,53.746,51.895,50.21,48.934,47.704,,,,,,,,,,,,,,,
Worldwide,Deodorants,Mobile/Desktop Split,Mobile,percent,Statista,,,,,,,,,,,,,,,,,,36.492,39.595,42.119,44.363,46.254,48.105,49.79,51.066,52.296,,,,,,,,,,,,,,,
Worldwide,Oral Care,Revenue,Total,billion USD (US$),Statista,,,,,,,,,,,,,,,44.99,42.06,42.51,44.2,45.71,46.2,45.88,48.5,48.6,51.45,53.14,54.79,56.75,58.94,,,,,,,,,,,,,
Worldwide,Oral Care,Revenue Change,Total,percent,Statista,,,,,,,,,,,,,,,,-6.513,1.07,3.976,3.416,1.072,-0.693,5.711,0.206,5.864,3.285,3.105,3.577,3.859,,,,,,,,,,,,,
Worldwide,Oral Care,Average Revenue per Capita,Total,USD (US$),Statista,,,,,,,,,,,,,,,6.386,5.9,5.897,6.064,6.206,6.209,6.109,6.405,6.369,6.689,6.853,7.007,7.2,7.419,,,,,,,,,,,,,
Worldwide,Oral Care,Online Revenue Share,Offline,percent,Statista,,,,,,,,,,,,,,,,,,82.335,80.971,79.447,75.613,73.694,71.786,69.584,66.844,63.717,,,,,,,,,,,,,,,
Worldwide,Oral Care,Online Revenue Share,Online,percent,Statista,,,,,,,,,,,,,,,,,,17.665,19.029,20.553,24.387,26.306,28.214,30.416,33.156,36.283,,,,,,,,,,,,,,,
Worldwide,Oral Care,Mobile/Desktop Split,Desktop,percent,Statista,,,,,,,,,,,,,,,,,,58.046,54.517,51.535,50.21,47.388,44.55,41.834,39.776,37.702,,,,,,,,,,,,,,,
Worldwide,Oral Care,Mobile/Desktop Split,Mobile,percent,Statista,,,,,,,,,,,,,,,,,,41.954,45.483,48.465,49.79,52.612,55.45,58.166,60.224,62.298,,,,,,,,,,,,,,,
Worldwide,Fragrances,Revenue,Total,billion USD (US$),Statista,,,,,,,,,,,,,,,54.44,49.41,49.56,51.86,53.08,53.28,46.54,50.58,53.44,58.27,59.87,61.49,63.55,66.21,,,,,,,,,,,,,
Worldwide,Fragrances,Revenue Change,Total,percent,Statista,,,,,,,,,,,,,,,,-9.24,0.304,4.641,2.352,0.377,-12.65,8.681,5.654,9.038,2.746,2.706,3.35,4.186,,,,,,,,,,,,,
Worldwide,Fragrances,Average Revenue per Capita,Total,USD (US$),Statista,,,,,,,,,,,,,,,7.726,6.931,6.875,7.114,7.206,7.16,6.197,6.679,7.002,7.574,7.721,7.864,8.063,8.335,,,,,,,,,,,,,
Worldwide,Fragrances,Luxury Revenue Share ,Luxury,percent,Statista,,,,,,,,,,,,,,,29.512,28.164,27.553,26.913,26.967,27.458,24.12,26.739,27.915,27.27,27.647,27.77,,,,,,,,,,,,,,,
Worldwide,Fragrances,Luxury Revenue Share ,Non-Luxury,percent,Statista,,,,,,,,,,,,,,,70.488,71.836,72.447,73.087,73.033,72.542,75.88,73.261,72.085,72.73,72.353,72.23,,,,,,,,,,,,,,,
Worldwide,Fragrances,Online Revenue Share,Offline,percent,Statista,,,,,,,,,,,,,,,,,,88.533,86.965,85.191,81.721,79.204,76.818,74.096,70.848,67.106,,,,,,,,,,,,,,,
Worldwide,Fragrances,Online Revenue Share,Online,percent,Statista,,,,,,,,,,,,,,,,,,11.467,13.035,14.809,18.279,20.796,23.182,25.904,29.152,32.894,,,,,,,,,,,,,,,
Worldwide,Fragrances,Mobile/Desktop Split,Desktop,percent,Statista,,,,,,,,,,,,,,,,,,62.331,59.275,56.748,54.746,53.013,51.402,49.922,48.894,47.889,,,,,,,,,,,,,,,
Worldwide,Fragrances,Mobile/Desktop Split,Mobile,percent,Statista,,,,,,,,,,,,,,,,,,37.669,40.725,43.252,45.254,46.987,48.598,50.078,51.106,52.111,,,,,,,,,,,,,,,
Worldwide,Key Market Indicators,Household Income,"Household Income, Top Quintile (% of Household Income)",percent,Statista,0.007,0.006,0.007,0.007,0.007,0.006,0.006,0.006,0.006,0.006,0.006,0.006,0.006,0.006,0.006,0.006,0.006,0.006,0.006,0.006,0.006,0.006,0.006,0.006,0.006,0.006,0.006,0.006,0.006,0.006,0.006,0.006,0.006,0.006,0.006,0.006,0.005,0.005,0.005,0.005,0.005
Worldwide,Key Market Indicators,Household Income,"Household Income, Second Quintile (% of Household Income)",percent,Statista,0.002,0.002,0.002,0.002,0.002,0.002,0.002,0.002,0.001,0.001,0.001,0.001,0.001,0.001,0.001,0.001,0.001,0.001,0.001,0.001,0.001,0.001,0.001,0.001,0.001,0.001,0.001,0.001,0.001,0.001,0.001,0.001,0.001,0.001,0.001,0.001,0.001,0.001,0.001,0.001,0.001
Worldwide,Key Market Indicators,Household Income,"Household Income, Third Quintile (% of Household Income)",percent,Statista,0.002,0.001,0.002,0.002,0.002,0.002,0.002,0.001,0.001,0.001,0.001,0.001,0.001,0.001,0.001,0.001,0.001,0.001,0.001,0.001,0.001,0.001,0.001,0.001,0.001,0.001,0.001,0.001,0.001,0.001,0.001,0.001,0.001,0.001,0.001,0.001,0.001,0.001,0.001,0.001,0.001
Worldwide,Key Market Indicators,Household Income,"Household Income, Fourth Quintile (% of Household Income)",percent,Statista,0.002,0.001,0.001,0.002,0.002,0.001,0.001,0.001,0.001,0.001,0.001,0.001,0.001,0.001,0.001,0.001,0.001,0.001,0.001,0.001,0.001,0.001,0.001,0.001,0.001,0.001,0.001,0.001,0.001,0.001,0.001,0.001,0.001,0.001,0.001,0.001,0.001,0.001,0.001,0.001,0.001
Worldwide,Key Market Indicators,Household Income,"Household Income, Lowest Quintile (% of Household Income)",percent,Statista,0.001,0.001,0.001,0.001,0.001,0.001,0.001,0.001,0.001,0.001,0.001,0.001,0.001,0.001,0.001,0.001,0.001,0.001,0.001,0.001,0.001,0.001,0.001,0.001,0.001,0.001,0.001,0.001,0.001,0.001,0.001,0.001,0.001,0.001,0.001,0.001,0.001,0.001,0.001,0.001,0.001
Worldwide,Key Market Indicators,Households,Households,billion #,Statista,1.458,1.479,1.5,1.521,1.543,1.567,1.594,1.622,1.65,1.677,1.705,1.732,1.761,1.787,1.812,1.835,1.858,1.883,1.907,1.936,1.954,1.972,1.99,2.007,2.023,2.04,2.055,2.07,2.085,2.1,2.114,2.127,2.14,2.153,2.165,2.177,2.188,2.199,2.21,2.22,2.229
Worldwide,Key Market Indicators,International Trade,Current Account Balance (% of GDP),percent,Statista,-0.005,-0.006,-0.005,-0.003,-0,0,0.002,0.003,0,0.002,0.004,0.004,0.004,0.005,0.005,0.003,0.004,0.005,0.004,0.004,0.004,0.007,0.002,0.003,0.003,0.002,0.001,0.001,0.001,0,-0,0,0,0,0,0,0.001,0.001,0.001,0.001,0.002
Worldwide,Key Market Indicators,International Trade,Container Port Traffic ,percent,Statista,"309,800,000","301,700,000","331,600,000","365,900,000","409,700,000","429,900,000","474,400,000","533,700,000","561,200,000","525,300,000","588,100,000","639,800,000","687,600,000","731,400,000","769,800,000","795,700,000","802,200,000","850,700,000","896,600,000","931,000,000","928,200,000","939,500,000","968,900,000","999,200,000","1,029,000,000","1,060,000,000","1,091,000,000","1,123,000,000","1,154,000,000","1,186,000,000","1,219,000,000","1,252,000,000","1,286,000,000","1,320,000,000","1,356,000,000","1,391,000,000","1,427,000,000","1,461,000,000","1,496,000,000","1,531,000,000","1,566,000,000"
Worldwide,Key Market Indicators,International Trade,Trade (% of GDP),percent,Statista,0.465,0.456,0.458,0.473,0.508,0.532,0.564,0.581,0.607,0.516,0.559,0.597,0.593,0.591,0.587,0.555,0.537,0.556,0.576,0.558,0.519,0.522,0.514,0.512,0.513,0.513,0.513,0.513,0.513,0.513,0.514,0.513,0.513,0.513,0.514,0.515,0.516,0.518,0.52,0.522,0.525
Worldwide,Key Market Indicators,Consumer Price Index (CPI),Consumer Price Index,index,Statista,67.91,69.49,70.59,72.03,73.49,75.24,77.12,78.86,82.03,82.75,84.44,87.18,89.49,91.48,93.65,95.36,97.37,100,103.2,106.7,111.9,121.4,154.4,214.3,273.9,322.9,359.1,397.9,435.7,469.4,499.5,526.1,549.1,569,585.9,600.3,612.5,623,632,639.7,646.6
Worldwide,Key Market Indicators,Consumer Price Index (CPI),"Consumer Price Index, Food & Beverages",index,Statista,53.03,55.8,57.85,59.81,61.75,63.48,65.48,68.91,74.13,76.96,79.22,83.08,86.38,89.15,91.77,94.62,96.93,99.98,103.2,109.2,122.7,139.9,204.2,328.7,449.3,535.1,574.8,596.5,606,614.1,616.8,615.5,611.5,605.6,597.8,588.6,578.6,568.6,558.4,547.6,536.6
Worldwide,Key Market Indicators,Consumer Price Index (CPI),"Consumer Price Index, Alcohol & Tobacco",index,Statista,48.92,50.99,53.25,55.32,57.58,59.71,61.52,64.22,66.92,71.77,75.59,79.05,82.48,86.18,89.73,93.34,96.57,100,103.6,108.5,115.6,122.2,138.3,172.6,207.8,234.7,249.5,259.3,265.1,270.3,273.3,274.7,274.9,274.2,272.8,270.8,268.2,265.1,261.6,257.6,253.1
Worldwide,Key Market Indicators,Consumer Price Index (CPI),"Consumer Price Index, Clothing & Footwear",index,Statista,79.65,80.9,82.26,82.58,83.31,83.59,84.24,85.07,85.76,86.73,87.9,90.28,92.78,94.31,96.02,97.31,98.89,100,101.6,103.6,107.1,113.7,134.3,176.2,217.8,248.2,263.2,271.6,277.7,282.5,285.2,286.2,286,284.8,282.6,279.5,275.8,271.5,266.6,261.2,255.3
Worldwide,Key Market Indicators,Consumer Price Index (CPI),"Consumer Price Index, Housing",index,Statista,54.79,57.36,59.7,61.89,64.05,67.18,70.45,73.75,77.55,79.66,81.68,84.7,87.7,90.2,92.77,95.21,97.3,100,103.5,106.9,109.7,115.1,122.2,133.7,144.7,152.6,154.8,152,148,144.2,140.3,136.7,133.4,130.6,128.2,126.1,124.3,122.8,121.5,120.3,119.2
Worldwide,Key Market Indicators,Consumer Price Index (CPI),"Consumer Price Index, Household Goods & Services",index,Statista,77.3,79.34,81.42,82.57,83.77,85.11,86.34,87.63,89.08,91.03,91.7,93.07,94.8,96.03,97.2,98.76,99.79,100,101.7,104.3,108.5,115.9,136.7,180.6,224.9,259.1,278.6,291.5,300.6,308.8,314.1,317.3,318.5,318.5,317.4,315.4,312.6,309.4,305.8,301.8,297.3
Worldwide,Key Market Indicators,Consumer Price Index (CPI),"Consumer Price Index, Health",index,Statista,60.28,63.4,67.16,69.82,72.79,74.95,77.25,79.81,81.73,84.31,86.79,88.7,90.84,92.34,94.1,95.86,97.89,100,102.4,104.7,108.2,111.9,118.8,136.1,155,170.4,180.3,186.9,193.5,198.7,202.7,205.8,208.1,210,211.4,212.5,213.3,214,214.6,214.9,215.1
Worldwide,Key Market Indicators,Consumer Price Index (CPI),"Consumer Price Index, Transportation",index,Statista,63.83,66.08,68.68,71.02,73.83,77.46,80.38,82.94,86.63,84.48,89.14,95.16,98.17,99.28,100.2,97.61,97.22,100,104.6,106.6,107.6,118.4,133.9,158.1,181.7,200.2,211.1,212.7,216.9,221.8,225,226.8,227.6,227.4,226.4,224.7,222.5,219.9,216.9,213.6,210
Worldwide,Key Market Indicators,Consumer Price Index (CPI),"Consumer Price Index, Communication",index,Statista,107.3,107,107.3,107.6,107.4,106.9,106.3,105.9,105.6,106,106.3,106.3,105.9,105.1,104.2,103,102.2,100,99.94,99.19,100.4,102.1,108.1,125.9,142,151,151.7,150.5,146.6,143.1,139.3,135.6,132.1,128.8,125.7,122.8,120.1,117.4,114.8,112.3,109.9
Worldwide,Key Market Indicators,Consumer Price Index (CPI),"Consumer Price Index, Recreation & Culture",index,Statista,78.38,80.65,83.3,84.99,86.79,88.34,89.67,90.93,92.38,93.99,94.8,95.64,96.84,97.77,98.23,99.27,99.62,100,100.8,101.8,100.9,104.4,109.1,121.7,134.7,144.8,150.9,152.5,155.9,159.1,161.3,162.6,163.3,163.3,162.9,162.1,160.9,159.5,157.9,156.1,154.1
Worldwide,Key Market Indicators,Consumer Price Index (CPI),"Consumer Price Index, Education",index,Statista,45.69,48.13,50.85,53.76,57.14,60.28,63.08,66.88,70.48,73.9,77.32,80.77,84.2,87.56,90.78,94.18,97.34,100,103.1,106.9,112.1,118.9,133.7,161.4,193.9,219.4,231.7,237.7,240.1,241,240.6,239.6,238.6,237.7,237.1,236.7,236.4,236.5,236.8,237.4,238.2
Worldwide,Key Market Indicators,Consumer Price Index (CPI),"Consumer Price Index, Restaurants & Hotels",index,Statista,56.2,58.61,61.25,63.22,65.75,68,70.26,73.44,76.93,79.47,81.72,84.86,87.63,90.38,92.93,95.53,98.01,100,102.9,106.5,109.8,114.6,119,127.2,136,144.7,152.4,157.8,162.7,167.5,171.4,174.7,177.3,179.3,180.8,182,182.9,183.5,184,184.3,184.4
Worldwide,Key Market Indicators,Consumer Price Index (CPI),"Consumer Price Index, Other Goods & Services",index,Statista,56.66,59.14,61.86,64.44,66.77,69.18,71.86,74.86,77.17,78.92,82.3,85.02,87.7,90.22,92.52,94.84,97.55,100,103.1,106.4,110.8,115.2,122.4,139.4,156.8,170.5,178.4,183.4,186,188.2,189.1,189.2,188.9,188.3,187.5,186.7,185.8,184.9,184,183.1,182.1
Worldwide,Key Market Indicators,Finance,Credit Card Penetration (% of Adults),percent,Statista,0.052,0.053,0.055,0.058,0.06,0.063,0.066,0.069,0.072,0.076,0.08,0.084,0.088,0.093,0.098,0.104,0.109,0.115,0.122,0.128,0.135,0.143,0.15,0.158,0.166,0.175,0.183,0.192,0.201,0.21,0.219,0.229,0.238,0.246,0.255,0.264,0.271,0.279,0.286,0.292,0.298
Worldwide,Key Market Indicators,Finance,Debit Card Penetration (% of Adults),percent,Statista,0.113,0.117,0.121,0.127,0.132,0.139,0.146,0.154,0.162,0.172,0.182,0.193,0.204,0.216,0.229,0.242,0.255,0.269,0.282,0.296,0.309,0.323,0.337,0.35,0.363,0.376,0.388,0.401,0.412,0.423,0.434,0.444,0.454,0.463,0.471,0.479,0.486,0.492,0.498,0.503,0.507
Worldwide,Key Market Indicators,Finance,Online Banking Penetration (% of population),percent,Statista,,,,,,,,,,,0.044,0.052,0.061,0.072,0.081,0.093,0.107,0.123,0.142,0.167,0.194,0.222,0.25,0.279,0.308,0.337,0.364,0.389,0.41,0.427,0.444,0.459,0.473,0.483,0.493,0.502,0.51,0.517,0.524,0.531,0.537
Worldwide,Key Market Indicators,Finance,Savings Rate (% of GDP),percent,Statista,0.24,0.232,0.226,0.228,0.238,0.242,0.253,0.254,0.249,0.232,0.247,0.257,0.261,0.261,0.266,0.264,0.26,0.267,0.27,0.27,0.271,0.284,0.289,0.287,0.287,0.286,0.285,0.284,0.285,0.285,0.285,0.285,0.284,0.283,0.281,0.279,0.277,0.275,0.272,0.269,0.266
Worldwide,Key Market Indicators,Finance,"Bank Branches (per 100,000 Adults)",percent,Statista,13.71,13.72,13.73,13.75,13.76,13.82,14.17,14.46,14.81,14.8,14.75,15.09,15.23,15.23,15.28,15.15,15.05,14.83,14.56,14.38,14.35,14.31,14.27,14.23,14.19,14.16,14.12,14.09,14.05,14.02,13.98,13.95,13.92,13.89,13.86,13.82,13.79,13.76,13.73,13.7,13.67
Worldwide,Key Market Indicators,Finance,Bank Account Penetration (% of Adults),percent,Statista,0.367,0.378,0.39,0.403,0.416,0.432,0.448,0.465,0.483,0.502,0.521,0.542,0.562,0.584,0.605,0.627,0.649,0.67,0.691,0.712,0.732,0.752,0.771,0.79,0.808,0.825,0.838,0.85,0.861,0.872,0.882,0.892,0.901,0.907,0.913,0.918,0.924,0.929,0.933,0.938,0.942
Worldwide,Key Market Indicators,Female Population,Female Population,million #,Statista,"2,952","2,990","3,027","3,064","3,102","3,139","3,177","3,215","3,254","3,294","3,334","3,374","3,414","3,456","3,497","3,537","3,577","3,617","3,656","3,694","3,729","3,761","3,790","3,822","3,854","3,887","3,919","3,951","3,982","4,013","4,044","4,074","4,104","4,133","4,162","4,191","4,219","4,246","4,273","4,299","4,325"
Worldwide,Key Market Indicators,Female Population,"Female Population, 0-14 Years",million #,Statista,573.6,575.6,575.3,574.3,573.1,571,569.5,569.7,571.2,573.5,576.4,579.9,583.8,587.6,590.9,593.7,596.2,598.7,600.7,601.9,602.2,601.3,599.9,598.9,598.3,598.4,599.3,599.9,599.4,597.9,595.5,592.2,588.6,585.9,584.3,583.9,584.6,585.6,586.6,587.7,588.7
Worldwide,Key Market Indicators,Female Population,"Female Population, 15-24 Years",million #,Statista,513.3,521.7,531.1,540.3,548.6,556.3,561.9,564.9,566.8,568.2,568.5,567.4,564.9,562,559,555.9,554,553.8,554.5,555.8,557.7,560.1,563.3,567.2,571.7,576.1,580.3,585.3,590.4,595.1,599.3,603.1,606.2,607.7,607.5,605.8,602.9,599.1,595,591,587.2
Worldwide,Key Market Indicators,Female Population,"Female Population, 25-34 Years",million #,Statista,468.6,471.2,473.8,475.4,477,479.3,482.3,486.8,491.7,497.1,503.9,512.2,521.6,531.1,539.8,547.8,554.1,557.7,560.2,562.1,562.7,561.9,559.6,556.9,554,550.9,549,548.6,549.1,550.2,551.9,554.3,557.5,561.6,566.3,570.9,575.3,580.3,585.6,590.4,594.7
Worldwide,Key Market Indicators,Female Population,"Female Population, 35-44 Years",million #,Statista,387.3,395.2,402.1,409.7,419.4,429.7,440,448.1,452.3,455.2,458.1,460.7,463.6,465.6,467.5,470.1,473.4,478.1,483.3,488.9,495.8,504.2,513.7,523.2,532,540.1,546.3,549.8,552.2,554,554.6,553.9,551.8,549.3,546.5,543.6,541.9,541.6,542.1,543.3,545.1
Worldwide,Key Market Indicators,Female Population,"Female Population, 45-54 Years",million #,Statista,292.6,303.8,313.8,323.1,330.5,336.4,341.4,347.4,356.4,365.9,374.1,381.9,388.9,396.7,406.4,416.9,427.4,435.5,439.9,443.1,446.1,448.6,451.2,453,454.9,457.5,460.8,465.6,470.7,476.2,483.1,491.5,501,510.6,519.4,527.5,533.7,537.2,539.6,541.5,542.2
Worldwide,Key Market Indicators,Female Population,"Female Population, 55+ Years",million #,Statista,716.2,722.1,730.9,741.2,753,766.7,781.9,798.3,815.6,833.8,852.7,871.7,891.7,912.6,932.9,952.7,972.2,993.5,"1,018","1,042","1,065","1,085","1,103","1,123","1,143","1,164","1,183","1,202","1,220","1,240","1,259","1,279","1,299","1,318","1,338","1,359","1,380","1,402","1,424","1,445","1,467"
Worldwide,Key Market Indicators,Female Population,"Female Population, 0-4 Years",million #,Statista,282.9,283.4,284.2,285.4,286.8,288.1,289.3,291.1,293.6,296.5,299.4,302.1,304.9,307.3,309,310.2,311,311.3,310.4,308.5,305.6,301.8,297.6,294.3,292.1,291,291,291.3,291.7,292,292.5,292.9,293.4,293.9,294.5,295.1,295.6,296.2,296.8,297.3,297.8
Worldwide,Key Market Indicators,Female Population,"Female Population, 5-9 Years",million #,Statista,0.138,0.147,0.157,0.165,0.173,0.183,0.194,0.207,0.221,0.237,0.254,0.272,0.291,0.31,0.33,0.347,0.36,0.373,0.386,0.408,0.442,0.477,0.509,0.544,0.579,0.611,0.646,0.682,0.719,0.76,0.805,0.848,0.892,0.936,0.981,1.031,1.086,1.142,1.198,1.253,1.315
Worldwide,Key Market Indicators,Female Population,"Female Population, 10-14 Years",million #,Statista,290.6,292.1,290.9,288.8,286.2,282.8,280,278.4,277.4,276.8,276.8,277.6,278.6,279.9,281.6,283.2,284.8,287,289.9,293.1,296.1,299,301.8,304,305.7,306.8,307.7,307.9,307,305.1,302.2,298.4,294.3,291,288.9,287.8,287.9,288.2,288.7,289.1,289.6
Worldwide,Key Market Indicators,Female Population,"Female Population, 15-19 Years",million #,Statista,269.5,273.8,277.8,281.7,285.6,289.1,290.6,289.6,287.5,284.9,281.5,278.7,277.2,276.2,275.7,276,276.8,278,279.4,281,282.5,284.1,286.3,289,292,295,297.8,300.6,302.9,304.6,305.7,306.6,306.9,306,304.1,301.3,297.5,293.4,290.1,288,287
Worldwide,Key Market Indicators,Female Population,"Female Population, 20-24 Years",million #,Statista,243.8,247.9,253.3,258.6,263.1,267.2,271.3,275.3,279.3,283.3,286.9,288.7,287.7,285.8,283.3,279.9,277.1,275.9,275.2,274.8,275.1,276,277,278.2,279.6,281,282.5,284.7,287.5,290.6,293.6,296.5,299.3,301.6,303.3,304.5,305.4,305.7,304.9,303,300.2
Worldwide,Key Market Indicators,Female Population,"Female Population, 25-29 Years",million #,Statista,240.3,239.5,238.7,238.1,238.9,241.5,245.4,250.7,256.1,260.6,264.8,269.1,273.2,277.3,281.4,285.2,287,286.3,284.5,282.1,278.9,276.2,274.8,273.9,273.5,273.7,274.4,275.4,276.7,278.2,279.7,281.2,283.4,286.3,289.4,292.4,295.3,298.1,300.5,302.2,303.4
Worldwide,Key Market Indicators,Female Population,"Female Population, 30-34 Years",million #,Statista,228.3,231.7,235.1,237.3,238.1,237.9,236.9,236.1,235.7,236.5,239.1,243.1,248.4,253.8,258.4,262.7,267,271.4,275.7,279.9,283.8,285.7,284.8,283,280.5,277.2,274.6,273.2,272.4,272,272.2,273.1,274.1,275.4,276.9,278.4,280,282.2,285,288.2,291.2
Worldwide,Key Market Indicators,Female Population,"Female Population, 35-39 Years",million #,Statista,206.9,214.1,218.8,220.8,222.8,225.7,229,232.3,234.5,235.4,235.3,234.5,233.9,233.6,234.4,237,241.1,246.4,252,256.7,261,265.4,269.6,273.7,277.9,281.7,283.6,282.8,281,278.6,275.4,272.8,271.4,270.7,270.3,270.6,271.4,272.4,273.7,275.3,276.8
Worldwide,Key Market Indicators,Female Population,"Female Population, 40-44 Years",million #,Statista,180.5,181.1,183.3,189,196.6,204,211,215.7,217.7,219.8,222.8,226.2,229.7,232,233.1,233.1,232.3,231.7,231.4,232.2,234.8,238.9,244.1,249.5,254.1,258.4,262.7,267,271.2,275.4,279.2,281.1,280.4,278.6,276.3,273.1,270.5,269.2,268.4,268.1,268.3
Worldwide,Key Market Indicators,Female Population,"Female Population, 45-49 Years",million #,Statista,162.7,167.2,171.1,174.6,176.5,177.2,177.9,180,185.6,193.2,200.6,207.7,212.5,214.6,216.9,220,223.5,226.9,229.2,230.2,230.1,229.3,228.6,228.2,229.1,231.7,235.7,241,246.5,251.1,255.4,259.7,263.9,268.1,272.4,276.2,278.1,277.4,275.6,273.3,270.1
Worldwide,Key Market Indicators,Female Population,"Female Population, 50-54 Years",million #,Statista,129.9,136.6,142.7,148.5,154,159.1,163.5,167.4,170.8,172.7,173.5,174.2,176.4,182,189.5,196.9,203.9,208.6,210.7,213,216,219.3,222.6,224.8,225.8,225.8,225.1,224.5,224.3,225.1,227.8,231.8,237,242.4,247,251.3,255.6,259.8,264,268.2,272
Worldwide,Key Market Indicators,Female Population,"Female Population, 55-59 Years",million #,Statista,102.4,104.2,108,113.1,119,125.8,132.4,138.5,144.2,149.6,154.7,159,162.9,166.2,168.1,168.8,169.4,171.5,177,184.4,191.6,198.3,202.7,204.7,207,210.1,213.5,217,219.3,220.3,220.3,219.7,219.2,218.9,219.8,222.4,226.4,231.6,236.9,241.5,245.7
Worldwide,Key Market Indicators,Female Population,"Female Population, 60-64 Years",million #,Statista,283.9,281,279.4,278.3,277.7,277.8,278.5,279.5,280.8,282.3,283.8,285.3,287.4,290.3,293.5,296.7,299.7,302.6,305,306.7,307.9,308.8,309,308.1,306.2,303.3,299.4,295.3,292,289.8,288.8,288.8,289.2,289.6,290,290.4,290.9,291.5,292,292.6,293.2
Worldwide,Key Market Indicators,Female Population,"Female Population, 65-69 Years",million #,Statista,94.05,95.22,95.9,96.21,96.71,97.48,99.32,103,108,113.8,120.4,126.9,132.8,138.4,143.7,148.6,152.8,156.5,159.7,161.5,162.1,162.4,164.1,169.4,176.6,183.8,190.6,195.3,197.4,199.7,202.8,206.3,209.7,212,213,213.1,212.5,212,211.8,212.7,215.3
Worldwide,Key Market Indicators,Female Population,"Female Population, 70-74 Years",million #,Statista,78.87,80.31,82.04,83.82,85.49,86.94,88.15,88.87,89.28,89.88,90.73,92.59,96.17,100.9,106.4,112.7,118.9,124.6,129.9,134.9,139.5,143.2,146.3,149.2,150.9,151.7,152.3,154.5,159.8,166.9,173.8,180.5,185,187.2,189.5,192.5,195.9,199.3,201.6,202.6,202.7
Worldwide,Key Market Indicators,Female Population,"Female Population, 75-79 Years",million #,Statista,64.47,65.62,66.64,67.58,68.46,69.52,70.92,72.58,74.28,75.87,77.29,78.51,79.31,79.85,80.56,81.44,83.22,86.62,91.08,96.23,102,107.3,112.1,116.8,121.5,126,129.8,133.2,136.2,137.9,138.7,139.3,141.5,146.6,153.4,160,166.3,170.6,172.8,175.1,178.1
Worldwide,Key Market Indicators,Female Population,"Female Population, 80-84 Years",million #,Statista,46.23,47.65,49.06,50.35,51.55,52.77,53.84,54.79,55.69,56.56,57.6,58.93,60.47,62.06,63.54,64.88,66.07,66.94,67.56,68.31,69.09,70.45,73.12,76.93,81.52,86.76,91.92,96.66,101.1,105.3,109.3,112.8,115.9,118.6,120.2,120.9,121.6,123.6,128.5,134.8,140.9
Worldwide,Key Market Indicators,Female Population,"Female Population, 85-89 Years",million #,Statista,25.92,27.25,28.8,30.49,32.15,33.5,34.67,35.82,36.91,37.95,38.99,39.91,40.74,41.57,42.42,43.4,44.59,45.93,47.26,48.5,49.56,50.27,50.67,51.19,52.03,52.96,54.53,57.26,60.67,64.51,68.83,73.08,76.98,80.62,84.05,87.41,90.3,92.93,95.3,96.67,97.37
Worldwide,Key Market Indicators,Female Population,"Female Population, 90-94 Years",million #,Statista,14.31,14.41,14.39,14.38,14.6,15.25,16.23,17.29,18.42,19.51,20.41,21.22,22.02,22.78,23.54,24.32,25.04,25.74,26.47,27.21,27.91,28.5,29.09,29.88,30.81,31.74,32.66,33.43,34.11,34.84,35.6,36.84,38.92,41.47,44.28,47.39,50.44,53.23,55.82,58.28,60.74
Worldwide,Key Market Indicators,Female Population,"Female Population, 95-99 Years",million #,Statista,5.049,5.277,5.517,5.753,5.999,6.187,6.275,6.322,6.381,6.563,6.958,7.492,8.027,8.596,9.172,9.65,10.08,10.51,10.93,11.37,11.81,12.16,12.46,12.82,13.24,13.7,14.23,14.78,15.34,15.88,16.43,17,17.5,17.96,18.46,18.96,19.74,21.04,22.59,24.25,26.02
Worldwide,Key Market Indicators,Female Population,"Female Population, 100+ Years",million #,Statista,1.079,1.136,1.192,1.254,1.328,1.41,1.495,1.589,1.68,1.768,1.838,1.878,1.906,1.944,2.029,2.187,2.384,2.569,2.761,2.946,3.097,3.233,3.357,3.488,3.646,3.823,3.994,4.16,4.331,4.504,4.693,4.903,5.123,5.341,5.552,5.781,6.026,6.246,6.456,6.676,6.888
Worldwide,Key Market Indicators,Consumer Spending,Consumer Spending (per Capita),thousand USD (US$),Statista,3.347,3.313,3.389,3.738,4.105,4.362,4.612,5.094,5.481,5.216,5.54,6.038,6.068,6.176,6.266,5.883,5.948,6.215,6.491,6.542,6.194,7.055,7.472,7.797,8.163,8.556,8.98,9.43,10.1,10.72,11.38,12.06,12.77,13.51,14.27,15.05,15.88,16.74,17.64,18.6,19.6
Worldwide,Key Market Indicators,Consumer Spending,"Consumer Spending, Food & Beverages (per Capita)",thousand USD (US$),Statista,0.538,0.525,0.532,0.596,0.662,0.709,0.752,0.855,0.953,0.91,0.967,1.068,1.075,1.101,1.106,1.021,1.035,1.077,1.115,1.129,1.113,1.254,1.33,1.407,1.501,1.605,1.719,1.846,2.039,2.237,2.452,2.685,2.936,3.207,3.498,3.811,4.149,4.514,4.906,5.328,5.781
Worldwide,Key Market Indicators,Consumer Spending,"Consumer Spending, Alcohol & Tobacco (per Capita)",thousand USD (US$),Statista,0.11,0.11,0.113,0.126,0.137,0.143,0.152,0.168,0.183,0.176,0.183,0.198,0.196,0.202,0.206,0.188,0.183,0.19,0.199,0.195,0.193,0.219,0.227,0.236,0.246,0.257,0.268,0.281,0.298,0.315,0.333,0.352,0.373,0.396,0.421,0.448,0.477,0.51,0.546,0.585,0.628
Worldwide,Key Market Indicators,Consumer Spending,"Consumer Spending, Clothing & Footwear (per Capita)",thousand USD (US$),Statista,0.153,0.148,0.149,0.162,0.178,0.19,0.205,0.226,0.24,0.226,0.244,0.268,0.269,0.275,0.279,0.259,0.255,0.263,0.27,0.265,0.238,0.281,0.297,0.307,0.318,0.329,0.342,0.356,0.379,0.402,0.425,0.449,0.473,0.498,0.523,0.55,0.577,0.606,0.636,0.668,0.702
Worldwide,Key Market Indicators,Consumer Spending,"Consumer Spending, Housing (per Capita)",thousand USD (US$),Statista,0.627,0.627,0.64,0.707,0.775,0.825,0.875,0.964,1.05,1.001,1.052,1.138,1.133,1.157,1.169,1.087,1.094,1.142,1.203,1.216,1.211,1.348,1.428,1.495,1.568,1.644,1.724,1.807,1.935,2.054,2.174,2.297,2.419,2.54,2.66,2.777,2.894,3.011,3.128,3.246,3.365
Worldwide,Key Market Indicators,Consumer Spending,"Consumer Spending, Household Goods & Services (per Capita)",thousand USD (US$),Statista,0.176,0.173,0.176,0.194,0.212,0.225,0.238,0.261,0.272,0.251,0.265,0.288,0.287,0.292,0.297,0.276,0.279,0.292,0.307,0.307,0.309,0.353,0.37,0.384,0.403,0.423,0.444,0.465,0.495,0.523,0.55,0.578,0.606,0.634,0.663,0.691,0.719,0.748,0.777,0.807,0.838
Worldwide,Key Market Indicators,Consumer Spending,"Consumer Spending, Health (per Capita)",thousand USD (US$),Statista,0.27,0.284,0.303,0.328,0.353,0.374,0.395,0.427,0.453,0.461,0.483,0.511,0.522,0.533,0.555,0.561,0.582,0.61,0.641,0.666,0.64,0.709,0.75,0.785,0.818,0.853,0.892,0.932,0.99,1.043,1.098,1.154,1.212,1.27,1.329,1.389,1.451,1.514,1.578,1.645,1.713
Worldwide,Key Market Indicators,Consumer Spending,"Consumer Spending, Transportation (per Capita)",thousand USD (US$),Statista,0.363,0.359,0.365,0.402,0.444,0.478,0.506,0.561,0.597,0.546,0.601,0.677,0.68,0.692,0.699,0.636,0.634,0.669,0.698,0.696,0.612,0.73,0.791,0.82,0.85,0.884,0.921,0.961,1.02,1.076,1.134,1.193,1.254,1.317,1.383,1.451,1.522,1.596,1.674,1.756,1.842
Worldwide,Key Market Indicators,Consumer Spending,"Consumer Spending, Communication (per Capita)",thousand USD (US$),Statista,0.105,0.102,0.103,0.115,0.126,0.134,0.142,0.157,0.172,0.164,0.174,0.19,0.19,0.19,0.188,0.173,0.174,0.179,0.183,0.18,0.163,0.183,0.194,0.2,0.208,0.215,0.224,0.233,0.247,0.26,0.273,0.287,0.301,0.315,0.329,0.344,0.359,0.376,0.393,0.411,0.43
Worldwide,Key Market Indicators,Consumer Spending,"Consumer Spending, Recreation & Culture (per Capita)",thousand USD (US$),Statista,0.272,0.265,0.269,0.292,0.319,0.332,0.345,0.374,0.392,0.371,0.385,0.406,0.408,0.406,0.408,0.388,0.4,0.418,0.439,0.448,0.405,0.472,0.498,0.516,0.538,0.561,0.585,0.61,0.639,0.665,0.691,0.717,0.742,0.768,0.794,0.82,0.846,0.873,0.9,0.928,0.956
Worldwide,Key Market Indicators,Consumer Spending,"Consumer Spending, Education (per Capita)",thousand USD (US$),Statista,0.076,0.076,0.077,0.084,0.093,0.099,0.105,0.115,0.124,0.122,0.131,0.143,0.146,0.154,0.157,0.152,0.156,0.163,0.17,0.171,0.158,0.179,0.189,0.199,0.208,0.218,0.229,0.24,0.258,0.275,0.293,0.311,0.329,0.347,0.365,0.384,0.402,0.421,0.44,0.459,0.479
Worldwide,Key Market Indicators,Consumer Spending,"Consumer Spending, Restaurants & Hotels (per Capita)",thousand USD (US$),Statista,0.224,0.223,0.23,0.252,0.278,0.296,0.315,0.345,0.366,0.351,0.377,0.415,0.426,0.44,0.457,0.443,0.448,0.469,0.494,0.499,0.419,0.505,0.548,0.566,0.587,0.609,0.634,0.66,0.697,0.729,0.762,0.795,0.828,0.862,0.897,0.932,0.969,1.006,1.045,1.087,1.131
Worldwide,Key Market Indicators,Consumer Spending,"Consumer Spending, Other Goods & Services (per Capita)",thousand USD (US$),Statista,0.434,0.422,0.432,0.48,0.527,0.556,0.582,0.64,0.679,0.637,0.677,0.735,0.731,0.729,0.739,0.692,0.7,0.733,0.763,0.76,0.723,0.81,0.836,0.868,0.902,0.94,0.979,1.02,1.075,1.124,1.174,1.226,1.278,1.33,1.383,1.436,1.49,1.545,1.6,1.657,1.715
Worldwide,Key Market Indicators,Health,"Hospital Beds (per 1,000 Inhabitants)",#,Statista,2.773,2.714,2.684,2.624,2.781,2.622,2.555,2.675,2.747,2.864,2.69,2.68,2.761,2.753,2.76,2.766,2.76,2.754,2.748,2.74,2.73,2.719,2.707,2.695,2.684,2.672,2.659,2.647,2.635,2.622,2.609,2.597,2.584,2.57,2.557,2.544,2.532,2.518,2.505,2.493,2.48
Worldwide,Key Market Indicators,Health,Alcohol Consumption (per Adult),#,Statista,4.282,4.237,4.213,4.215,4.209,4.206,4.303,4.486,4.613,4.757,4.955,4.948,4.964,4.905,4.835,4.775,4.733,4.676,4.698,4.684,4.674,4.663,4.653,4.642,4.632,4.621,4.611,4.6,4.589,4.578,4.567,4.556,4.546,4.535,4.524,4.513,4.503,4.492,4.482,4.472,4.462
Worldwide,Key Market Indicators,Health,Female Smoking Rate (% of Women),#,Statista,0.082,0.078,0.076,0.074,0.072,0.07,0.067,0.065,0.064,0.062,0.06,0.058,0.057,0.055,0.053,0.052,0.05,0.049,0.048,0.047,0.046,0.045,0.044,0.043,0.042,0.042,0.041,0.04,0.04,0.039,0.039,0.038,0.038,0.037,0.037,0.036,0.036,0.036,0.035,0.035,0.035
Worldwide,Key Market Indicators,Health,Health Spending (% of GDP),#,Statista,0.085,0.089,0.092,0.094,0.093,0.092,0.091,0.09,0.09,0.098,0.095,0.093,0.093,0.093,0.094,0.097,0.098,0.098,0.097,0.098,0.109,0.108,0.107,0.107,0.106,0.106,0.106,0.108,0.108,0.104,0.08,0.052,0.042,0.041,0.041,0.041,0.041,0.041,0.042,0.042,0.042
Worldwide,Key Market Indicators,Health,Male Smoking Rate (% of Men),#,Statista,0.301,0.294,0.293,0.29,0.287,0.285,0.281,0.278,0.275,0.271,0.268,0.264,0.261,0.258,0.254,0.251,0.248,0.246,0.244,0.242,0.241,0.239,0.238,0.236,0.235,0.234,0.233,0.232,0.232,0.231,0.23,0.229,0.229,0.228,0.227,0.227,0.226,0.225,0.225,0.224,0.224
Worldwide,Key Market Indicators,Health,Overweight Rate (% of Adults),#,Statista,0.291,0.296,0.301,0.306,0.311,0.317,0.322,0.328,0.334,0.34,0.345,0.352,0.357,0.364,0.369,0.376,0.382,0.387,0.392,0.397,0.402,0.406,0.411,0.415,0.419,0.423,0.427,0.431,0.434,0.438,0.441,0.444,0.447,0.45,0.453,0.456,0.458,0.461,0.463,0.466,0.468
Worldwide,Key Market Indicators,Exchange Rates,EUR (€),#,Statista,1.083,1.118,1.059,0.885,0.805,0.804,0.797,0.73,0.68,0.718,0.754,0.719,0.778,0.753,0.752,0.901,0.904,0.885,0.846,0.893,0.876,0.845,0.946,0.976,0.973,0.967,0.961,0.955,0.955,0.956,0.956,0.957,0.957,0.957,0.958,0.958,0.958,0.958,0.959,0.959,0.959
Worldwide,Key Market Indicators,Exchange Rates,GBP (£),#,Statista,0.66,0.695,0.666,0.612,0.546,0.549,0.543,0.5,0.538,0.64,0.646,0.624,0.633,0.639,0.607,0.654,0.738,0.776,0.749,0.783,0.779,0.727,0.796,0.797,0.77,0.76,0.746,0.733,0.732,0.731,0.731,0.73,0.73,0.73,0.729,0.729,0.728,0.728,0.728,0.727,0.727
Worldwide,Key Market Indicators,Exchange Rates,AUD (AU$),#,Statista,1.717,1.932,1.839,1.534,1.358,1.309,1.327,1.193,1.169,1.264,1.088,0.969,0.965,1.033,1.108,1.329,1.344,1.304,1.337,1.438,1.448,1.33,1.412,1.413,1.417,1.424,1.43,1.435,1.428,1.422,1.416,1.41,1.404,1.399,1.394,1.389,1.385,1.38,1.376,1.373,1.369
Worldwide,Key Market Indicators,Exchange Rates,CAD (C$),#,Statista,1.485,1.549,1.57,1.401,1.301,1.211,1.134,1.074,1.067,1.142,1.03,0.989,0.999,1.03,1.105,1.279,1.326,1.298,1.296,1.327,1.341,1.254,1.278,1.265,1.257,1.249,1.241,1.233,1.24,1.247,1.254,1.26,1.267,1.272,1.278,1.283,1.289,1.293,1.298,1.303,1.307
Worldwide,Key Market Indicators,Exchange Rates,CHF (CHF),#,Statista,1.689,1.688,1.559,1.347,1.243,1.245,1.254,1.2,1.083,1.088,1.043,0.888,0.938,0.927,0.916,0.962,0.985,0.985,0.978,0.994,0.939,0.914,0.949,0.939,0.921,0.908,0.89,0.877,0.881,0.886,0.89,0.894,0.897,0.901,0.904,0.907,0.91,0.913,0.916,0.919,0.921
Worldwide,Key Market Indicators,Exchange Rates,CNY (CN¥),#,Statista,8.278,8.277,8.277,8.277,8.277,8.195,7.973,7.608,6.949,6.831,6.77,6.462,6.312,6.196,6.143,6.227,6.645,6.759,6.616,6.908,6.901,6.449,6.082,6.006,6.003,6.006,6.002,5.992,5.98,5.968,5.957,5.947,5.937,5.928,5.919,5.911,5.903,5.896,5.888,5.882,5.875
Worldwide,Key Market Indicators,Exchange Rates,JPY (JP¥),#,Statista,107.8,121.5,125.4,115.9,108.2,110.2,116.3,117.8,103.4,93.57,87.78,79.81,79.79,97.6,105.9,121,108.8,112.2,110.4,109,106.8,109.8,128.4,129.3,125.7,120.9,116.9,114,115.8,117.6,119.2,120.8,122.4,123.9,125.3,126.7,128,129.3,130.5,131.7,132.8
Worldwide,Key Market Indicators,Exchange Rates,KRW (₩),#,Statista,"1,130","1,291","1,252","1,192","1,146","1,024",955.3,929.4,"1,100","1,277","1,157","1,108","1,127","1,095","1,053","1,131","1,161","1,131","1,100","1,165","1,180","1,144","1,270","1,309","1,312","1,313","1,313","1,313","1,313","1,313","1,313","1,313","1,313","1,313","1,313","1,313","1,312","1,312","1,312","1,312","1,312"
Worldwide,Key Market Indicators,Exchange Rates,INR (₹),#,Statista,45.69,47.69,48.41,45.95,44.93,44.27,45.25,40.26,45.99,47.44,45.56,47.92,54.41,60.5,61.14,65.47,67.07,64.45,69.92,70.9,74.23,74.5,78.8,80.39,82.28,84.11,85.81,87.54,85.73,84.04,82.46,80.98,79.61,78.32,77.11,75.98,74.92,73.93,73,72.12,71.3
Worldwide,Key Market Indicators,Business Cycle,Domestic Credit (% of GDP),percent,Statista,1.409,1.421,1.398,1.419,1.416,1.424,1.438,1.426,1.397,1.533,1.552,1.569,1.642,1.685,1.728,1.799,1.842,1.867,1.847,1.912,2.074,2.082,2.109,2.133,2.149,2.167,2.184,2.199,2.191,2.18,2.169,2.16,2.151,2.142,2.131,2.119,2.106,2.091,2.075,2.057,2.038
Worldwide,Key Market Indicators,Business Cycle,Unemployment Rate (% of Labor Force),percent,Statista,0.081,0.083,0.085,0.086,0.084,0.082,0.079,0.076,0.075,0.081,0.08,0.078,0.078,0.078,0.077,0.077,0.077,0.076,0.074,0.074,0.088,0.081,0.076,0.077,0.077,0.077,0.077,0.077,0.077,0.077,0.078,0.078,0.078,0.078,0.078,0.079,0.079,0.079,0.079,0.079,0.08
Worldwide,Key Market Indicators,Business Cycle,Government Gross Debt (% of GDP),percent,Statista,0.652,0.653,0.668,0.681,0.701,0.68,0.642,0.612,0.643,0.749,0.771,0.78,0.797,0.784,0.787,0.8,0.835,0.822,0.822,0.836,0.99,0.949,0.908,0.914,0.926,0.939,0.949,0.956,0.94,0.935,0.931,0.928,0.925,0.922,0.919,0.917,0.914,0.911,0.909,0.906,0.903
Worldwide,Key Market Indicators,Population,Population,million #,Statista,"5,937","6,014","6,090","6,165","6,241","6,317","6,394","6,471","6,550","6,631","6,711","6,792","6,875","6,958","7,041","7,123","7,204","7,284","7,362","7,436","7,505","7,566","7,624","7,685","7,749","7,812","7,875","7,937","7,999","8,059","8,119","8,178","8,236","8,293","8,349","8,404","8,458","8,511","8,563","8,613","8,663"
Worldwide,Key Market Indicators,Population,"Population, 0-14 Years",million #,Statista,"1,184","1,189","1,189","1,187","1,185","1,181","1,178","1,179","1,182","1,187","1,194","1,201","1,209","1,217","1,223","1,229","1,233","1,238","1,242","1,244","1,244","1,242","1,238","1,235","1,234","1,233","1,234","1,235","1,233","1,229","1,223","1,215","1,207","1,201","1,197","1,195","1,196","1,198","1,199","1,201","1,203"
Worldwide,Key Market Indicators,Population,"Population, 15-24 Years",million #,Statista,"1,050","1,068","1,087","1,106","1,124","1,140","1,153","1,160","1,165","1,168","1,170","1,168","1,164","1,159","1,153","1,148","1,145","1,145","1,147","1,149","1,153","1,158","1,165","1,173","1,182","1,191","1,200","1,210","1,221","1,230","1,239","1,246","1,252","1,255","1,254","1,249","1,243","1,234","1,224","1,215","1,206"
Worldwide,Key Market Indicators,Population,"Population, 25-34 Years",million #,Statista,952,957.6,963.2,966.9,970.5,975.6,982.2,991.9,"1,003","1,014","1,028","1,045","1,065","1,085","1,103","1,120","1,134","1,141","1,147","1,152","1,154","1,153","1,149","1,144","1,139","1,134","1,131","1,131","1,132","1,135","1,139","1,144","1,150","1,159","1,169","1,178","1,187","1,197","1,208","1,218","1,226"
Worldwide,Key Market Indicators,Population,"Population, 35-44 Years",million #,Statista,781.2,797.2,811.2,826.8,846.4,867.5,888.8,905.4,914.2,920.6,926.7,932.5,938.8,943.4,947.7,953.6,960.7,970.5,981.4,992.8,"1,007","1,024","1,044","1,063","1,082","1,099","1,112","1,119","1,125","1,129","1,131","1,131","1,128","1,123","1,119","1,114","1,111","1,111","1,113","1,116","1,120"
Worldwide,Key Market Indicators,Population,"Population, 45-54 Years",million #,Statista,584,606,625.8,644.1,658.6,670.2,680,691.9,710,729,745.6,761.6,775.9,792,812,833.6,855.2,872.1,881.4,888.3,894.6,899.9,905.2,909.2,913.3,919,926.1,936,946.8,958.1,972.3,989.5,"1,009","1,029","1,047","1,064","1,077","1,085","1,090","1,095","1,097"
Worldwide,Key Market Indicators,Population,"Population, 55+ Years",million #,Statista,"1,386","1,397","1,414","1,434","1,457","1,483","1,512","1,543","1,577","1,611","1,647","1,684","1,722","1,762","1,801","1,839","1,876","1,917","1,963","2,010","2,052","2,089","2,123","2,159","2,199","2,237","2,273","2,307","2,342","2,378","2,415","2,452","2,489","2,526","2,564","2,603","2,644","2,686","2,728","2,769","2,811"
Worldwide,Key Market Indicators,Population,"Population, 0-4 Years",million #,Statista,586,587.2,589,591.3,594.3,596.9,599.4,603.1,608.4,614.3,620.1,625.8,631.5,636.4,639.6,641.7,643.1,643.3,641.1,636.7,630.4,622,612.8,605.4,600.4,597.7,597.2,597.6,598,598.5,599,599.7,600.5,601.4,602.4,603.4,604.4,605.5,606.5,607.6,608.5
Worldwide,Key Market Indicators,Population,"Population, 5-9 Years",million #,Statista,0.168,0.179,0.191,0.202,0.211,0.223,0.235,0.251,0.268,0.286,0.306,0.328,0.351,0.374,0.399,0.42,0.439,0.457,0.473,0.501,0.545,0.59,0.63,0.674,0.718,0.759,0.806,0.855,0.905,0.96,1.019,1.077,1.132,1.189,1.248,1.312,1.385,1.461,1.536,1.61,1.695
Worldwide,Key Market Indicators,Population,"Population, 10-14 Years",million #,Statista,597.9,601.4,599.4,595.4,590.4,583.8,578.3,575.5,573.8,572.8,573.2,574.9,577.1,579.8,583.2,586.4,589.7,594.4,600.4,606.9,613.3,619.1,624.8,629.4,632.5,634.6,636,636.2,633.9,629.5,623.1,614.7,605.5,598.2,593.3,590.8,590.4,590.9,591.4,591.9,592.6
Worldwide,Key Market Indicators,Population,"Population, 15-19 Years",million #,Statista,552.2,561.1,569.7,578,586.3,594,597.8,596,592.2,587.3,580.7,575.3,572.5,571,570.4,571.2,573.1,575.5,578.4,581.7,584.7,587.9,592.3,598.1,604.4,610.6,616.4,622,626.7,629.8,632,633.5,633.7,631.5,627.1,620.8,612.4,603.2,596,591.1,588.6
Worldwide,Key Market Indicators,Population,"Population, 20-24 Years",million #,Statista,497.9,506.5,517.4,528.4,537.6,546.2,554.9,563.7,572.3,581,589,592.9,591.4,587.8,583.1,576.6,571.4,569.2,568.2,567.8,568.6,570.4,572.6,575,578,580.8,583.8,588.3,594.2,600.6,606.9,612.7,618.5,623.2,626.4,628.6,630.2,630.5,628.3,624,617.6
Worldwide,Key Market Indicators,Population,"Population, 25-29 Years",million #,Statista,488.9,487.5,486,485.1,486.8,492.2,500.4,511.4,522.8,532.3,541,549.8,558.6,567.3,576.2,584.4,588.7,587.5,584.2,579.6,573.3,568.2,565.8,564.6,564.1,564.8,566.7,568.8,571.4,574.5,577.4,580.6,585.1,591.1,597.6,603.9,609.8,615.6,620.3,623.5,625.8
Worldwide,Key Market Indicators,Population,"Population, 30-34 Years",million #,Statista,463.1,470.2,477.2,481.8,483.7,483.4,481.8,480.5,479.9,481.8,487.3,495.6,506.4,517.7,527.2,535.9,544.9,553.9,562.9,572,580.2,584.4,583,579.6,575.1,568.9,564,561.8,560.6,560.3,561.1,563.1,565.3,568,571.1,574.1,577.3,581.9,587.8,594.3,600.6
Worldwide,Key Market Indicators,Population,"Population, 35-39 Years",million #,Statista,418,432.7,442.4,446.5,450.8,456.9,463.7,470.7,475.4,477.3,477.3,475.9,474.9,474.5,476.5,482.1,490.4,501.4,512.8,522.4,531.2,540,548.7,557.4,566.2,574.4,578.7,577.5,574.2,569.8,563.8,558.9,556.8,555.8,555.5,556.4,558.4,560.7,563.3,566.5,569.5
Worldwide,Key Market Indicators,Population,"Population, 40-44 Years",million #,Statista,363.2,364.5,368.9,380.3,395.7,410.7,425.1,434.7,438.9,443.2,449.4,456.6,463.8,468.8,471.2,471.5,470.2,469.1,468.6,470.4,475.9,484.2,494.9,505.9,515.3,524.1,532.9,541.7,550.5,559.4,567.6,571.9,570.8,567.6,563.3,557.4,552.6,550.6,549.6,549.3,550.3
Worldwide,Key Market Indicators,Population,"Population, 45-49 Years",million #,Statista,325.6,334.5,342.3,349.2,353.1,354.6,355.8,360.1,371.4,386.6,401.6,416.1,426,430.5,435.4,441.9,449.3,456.5,461.3,463.4,463.3,461.8,460.5,459.9,461.8,467.3,475.7,486.5,497.6,506.9,515.7,524.5,533.3,542,550.9,559.2,563.5,562.4,559.3,555.1,549.3
Worldwide,Key Market Indicators,Population,"Population, 50-54 Years",million #,Statista,258.4,271.5,283.5,294.8,305.5,315.6,324.2,331.9,338.7,342.5,344,345.4,349.9,361.4,376.7,391.6,406,415.6,420.1,424.9,431.2,438.1,444.7,449.3,451.5,451.7,450.5,449.5,449.2,451.2,456.7,465,475.7,486.7,496,504.6,513.4,522.1,530.8,539.7,547.9
Worldwide,Key Market Indicators,Population,"Population, 55-59 Years",million #,Statista,202.1,205.7,213,222.7,234.2,247.3,260.1,271.8,282.8,293.2,303,311.5,319.2,325.9,329.7,331.3,332.7,337.1,348.3,363.1,377.5,390.9,399.7,404,408.8,415.3,422.5,429.6,434.5,436.7,437,435.9,435.1,434.8,436.8,442.3,450.4,461,471.8,481,489.5
Worldwide,Key Market Indicators,Population,"Population, 60-64 Years",million #,Statista,586.5,580.9,577.9,576,575,575.4,577,579.1,581.7,584.9,587.9,590.9,595.3,601.2,607.8,614.4,620.6,626.5,631.4,634.7,636.9,638.4,638.6,636.3,631.8,625.4,616.9,607.7,600.4,595.4,592.9,592.5,592.9,593.4,593.9,594.6,595.3,596.2,597.1,598.2,599.2
Worldwide,Key Market Indicators,Population,"Population, 65-69 Years",million #,Statista,182,184.4,185.7,186.4,187.6,189.2,192.9,200.1,209.6,220.6,233.1,245.3,256.6,267.2,277.2,286.8,294.9,302.1,308.5,312.2,313.4,314,317.4,328,342.5,356.8,370.5,379.8,384.4,389.3,395.8,402.9,409.9,414.7,417,417.4,416.4,415.7,415.6,417.6,423
Worldwide,Key Market Indicators,Population,"Population, 70-74 Years",million #,Statista,148.9,151.6,155,158.3,161.4,164.2,166.6,168.1,169.1,170.6,172.4,176.1,183,191.9,202.1,213.8,225.3,235.8,245.7,255.1,263.7,270.4,276.3,282,285.5,287.2,288.8,293.2,303.9,317.8,331.5,344.6,353.6,358.2,363.1,369.5,376.5,383.3,388.1,390.4,390.9
Worldwide,Key Market Indicators,Population,"Population, 75-79 Years",million #,Statista,116.9,119.5,121.6,123.5,125.3,127.3,129.9,133,136.1,139,141.7,144.1,145.7,147,148.7,150.6,154.1,160.6,168.7,178,188.3,197.7,206.1,214.6,223.2,231.6,238.8,245.4,251.2,254.7,256.4,258,262.3,272.5,285.7,298.5,310.7,319.1,323.7,328.5,334.7
Worldwide,Key Market Indicators,Population,"Population, 80-84 Years",million #,Statista,78.56,81.25,84.05,86.73,89.3,91.87,94.12,96.03,97.81,99.52,101.4,103.8,106.6,109.5,112.1,114.6,116.9,118.6,120.1,121.8,123.4,125.8,130.6,137.3,145.4,154.6,163.7,172,179.9,187.4,194.7,201.1,207,212.3,215.4,217.1,218.7,222.8,232.2,244.2,255.7
Worldwide,Key Market Indicators,Population,"Population, 85-89 Years",million #,Statista,41.59,43.82,46.32,49.06,51.77,54.05,56.14,58.3,60.41,62.48,64.56,66.39,67.98,69.55,71.13,72.84,74.93,77.27,79.59,81.75,83.59,84.78,85.52,86.68,88.45,90.3,93.23,98.08,104,110.5,117.8,125,131.7,138,143.9,149.9,155.1,160,164.4,167.1,168.7
Worldwide,Key Market Indicators,Population,"Population, 90-94 Years",million #,Statista,21.16,21.39,21.46,21.54,21.98,23.02,24.53,26.14,27.86,29.55,30.99,32.35,33.77,35.16,36.58,38.02,39.31,40.51,41.74,43,44.09,44.96,45.9,47.24,48.82,50.46,52.08,53.49,54.8,56.21,57.63,59.82,63.36,67.59,72.19,77.23,82.18,86.77,91.06,95.2,99.41
Worldwide,Key Market Indicators,Population,"Population, 95-99 Years",million #,Statista,6.904,7.234,7.579,7.922,8.277,8.555,8.704,8.801,8.915,9.201,9.782,10.55,11.31,12.13,12.98,13.71,14.39,15.1,15.79,16.52,17.23,17.75,18.18,18.73,19.39,20.1,20.92,21.82,22.71,23.58,24.5,25.43,26.27,27.07,27.94,28.78,30.07,32.15,34.59,37.15,39.86
Worldwide,Key Market Indicators,Population,"Population, 100+ Years",million #,Statista,1.379,1.453,1.528,1.608,1.703,1.809,1.918,2.038,2.155,2.272,2.366,2.425,2.467,2.523,2.644,2.859,3.122,3.372,3.636,3.896,4.106,4.297,4.478,4.672,4.908,5.168,5.416,5.65,5.892,6.138,6.404,6.71,7.036,7.361,7.678,8.025,8.39,8.721,9.049,9.391,9.715
Worldwide,Key Market Indicators,Male Population,Male Population,million #,Statista,"2,986","3,025","3,063","3,101","3,139","3,178","3,217","3,256","3,296","3,337","3,378","3,418","3,460","3,502","3,544","3,586","3,626","3,667","3,705","3,742","3,776","3,805","3,833","3,863","3,894","3,926","3,956","3,987","4,017","4,046","4,075","4,104","4,132","4,159","4,186","4,213","4,239","4,265","4,290","4,314","4,338"
Worldwide,Key Market Indicators,Male Population,"Male Population, 0-14 Years",million #,Statista,610.4,613.2,613.3,612.6,611.8,609.9,608.5,609.2,611.2,613.9,617.2,621,625.2,629,632.3,634.9,637.2,639.5,641.3,642.2,642,640.4,638.3,636.5,635.2,634.6,634.8,634.7,633.4,631,627.6,623.3,618.6,614.9,612.6,611.5,611.7,612.2,612.8,613.5,614.1
Worldwide,Key Market Indicators,Male Population,"Male Population, 15-24 Years",million #,Statista,536.8,545.9,556,566.1,575.3,584,590.8,594.8,597.7,600,601.2,600.9,599,596.8,594.5,591.9,590.5,590.9,592,593.6,595.6,598.2,601.7,605.9,610.7,615.4,619.9,625.1,630.4,635.3,639.5,643.1,646,647,646.1,643.6,639.6,634.6,629.3,624.1,619.1
Worldwide,Key Market Indicators,Male Population,"Male Population, 25-34 Years",million #,Statista,483.4,486.4,489.4,491.5,493.5,496.3,499.9,505.1,510.9,517,524.4,533.2,543.4,553.9,563.5,572.5,579.5,583.7,586.9,589.5,590.8,590.7,589.2,587.3,585.1,582.8,581.6,581.9,583,584.6,586.7,589.4,593,597.4,602.4,607.2,611.8,617.1,622.5,627.5,631.7
Worldwide,Key Market Indicators,Male Population,"Male Population, 35-44 Years",million #,Statista,393.9,402,409.1,417,427.1,437.9,448.7,457.3,461.9,465.3,468.7,471.8,475.2,477.8,480.2,483.5,487.3,492.4,498.1,504,511.3,520,530,540.1,549.5,558.4,565.3,569.4,572.5,575.2,576.7,577,575.8,574.1,572.2,570.1,569.1,569.6,570.7,572.4,574.6
Worldwide,Key Market Indicators,Male Population,"Male Population, 45-54 Years",million #,Statista,291.4,302.2,312,321,328.1,333.8,338.6,344.5,353.6,363.1,371.5,379.7,387.1,395.3,405.6,416.7,427.9,436.6,441.5,445.1,448.4,451.2,454,456.2,458.5,461.5,465.3,470.5,476.1,481.9,489.2,498,508,518.2,527.5,536.3,543.2,547.4,550.6,553.3,555
Worldwide,Key Market Indicators,Male Population,"Male Population, 55+ Years",million #,Statista,669.7,675,683.1,692.7,703.5,716.1,730.1,745.1,760.9,777.5,794.6,811.8,830.2,849.5,868.2,886.3,904.1,923.5,945.7,967.9,987.7,"1,005","1,020","1,037","1,055","1,073","1,090","1,105","1,121","1,138","1,155","1,173","1,190","1,208","1,225","1,244","1,264","1,284","1,304","1,324","1,344"
Worldwide,Key Market Indicators,Male Population,"Male Population, 0-4 Years",million #,Statista,303.1,303.8,304.7,306,307.5,308.8,310.1,312,314.7,317.8,320.8,323.7,326.6,329,330.6,331.5,332.1,332.1,330.7,328.3,324.7,320.2,315.1,311.1,308.3,306.7,306.3,306.3,306.3,306.4,306.6,306.8,307.1,307.5,307.9,308.3,308.8,309.3,309.8,310.3,310.7
Worldwide,Key Market Indicators,Male Population,"Male Population, 5-9 Years",million #,Statista,0.031,0.033,0.035,0.037,0.038,0.04,0.042,0.044,0.047,0.049,0.052,0.056,0.06,0.064,0.069,0.073,0.078,0.083,0.087,0.093,0.103,0.113,0.12,0.13,0.14,0.149,0.16,0.173,0.186,0.2,0.215,0.228,0.24,0.253,0.266,0.281,0.299,0.319,0.338,0.358,0.38
Worldwide,Key Market Indicators,Male Population,"Male Population, 10-14 Years",million #,Statista,307.3,309.3,308.5,306.7,304.3,301,298.4,297.1,296.4,296,296.3,297.3,298.5,299.9,301.6,303.3,304.9,307.3,310.4,313.9,317.1,320.2,323,325.3,326.8,327.8,328.3,328.3,326.9,324.4,320.9,316.2,311.2,307.2,304.5,302.9,302.6,302.6,302.7,302.9,303.1
Worldwide,Key Market Indicators,Male Population,"Male Population, 15-19 Years",million #,Statista,282.7,287.3,291.9,296.3,300.7,305,307.2,306.5,304.7,302.3,299.1,296.6,295.4,294.8,294.6,295.2,296.3,297.5,299,300.7,302.2,303.8,306.1,309.1,312.4,315.6,318.5,321.4,323.7,325.3,326.2,326.8,326.8,325.5,323,319.5,314.9,309.9,305.9,303.2,301.6
Worldwide,Key Market Indicators,Male Population,"Male Population, 20-24 Years",million #,Statista,254.1,258.5,264.1,269.8,274.5,279,283.6,288.3,293,297.7,302,304.3,303.7,302,299.8,296.7,294.3,293.3,293,292.9,293.4,294.4,295.6,296.8,298.4,299.8,301.3,303.6,306.7,310,313.3,316.3,319.2,321.6,323.1,324.1,324.7,324.7,323.4,321,317.5
Worldwide,Key Market Indicators,Male Population,"Male Population, 25-29 Years",million #,Statista,248.6,248,247.3,247,247.9,250.7,255,260.8,266.7,271.7,276.2,280.8,285.4,290,294.8,299.2,301.6,301.2,299.6,297.5,294.4,292,291,290.6,290.6,291.1,292.2,293.4,294.7,296.3,297.8,299.4,301.7,304.8,308.2,311.5,314.5,317.4,319.8,321.3,322.4
Worldwide,Key Market Indicators,Male Population,"Male Population, 30-34 Years",million #,Statista,234.8,238.5,242.1,244.5,245.6,245.6,244.8,244.4,244.2,245.3,248.2,252.5,258.1,263.9,268.7,273.2,277.8,282.5,287.3,292,296.4,298.7,298.2,296.6,294.6,291.6,289.4,288.5,288.2,288.3,288.9,290,291.2,292.6,294.2,295.7,297.3,299.7,302.8,306.1,309.4
Worldwide,Key Market Indicators,Male Population,"Male Population, 35-39 Years",million #,Statista,211.1,218.6,223.6,225.7,228,231.1,234.7,238.4,240.8,241.9,242,241.4,241,241,242.1,245,249.3,255,260.8,265.7,270.2,274.7,279.1,283.7,288.3,292.7,295.1,294.7,293.2,291.2,288.4,286.2,285.4,285.1,285.2,285.8,287,288.2,289.6,291.2,292.7
Worldwide,Key Market Indicators,Male Population,"Male Population, 40-44 Years",million #,Statista,182.8,183.4,185.6,191.3,199.1,206.7,214,218.9,221.1,223.4,226.7,230.4,234.2,236.8,238.2,238.4,237.9,237.4,237.2,238.2,241.1,245.4,250.8,256.4,261.2,265.7,270.2,274.7,279.3,284,288.4,290.8,290.4,289,287.1,284.3,282.2,281.4,281.2,281.3,281.9
Worldwide,Key Market Indicators,Male Population,"Male Population, 45-49 Years",million #,Statista,162.9,167.3,171.2,174.7,176.6,177.4,177.9,180,185.7,193.4,201,208.4,213.5,215.9,218.5,221.9,225.8,229.5,232.1,233.2,233.2,232.5,231.9,231.7,232.7,235.6,239.9,245.5,251.1,255.9,260.3,264.8,269.3,273.9,278.6,283,285.4,285.1,283.7,281.8,279.1
Worldwide,Key Market Indicators,Male Population,"Male Population, 50-54 Years",million #,Statista,128.6,134.9,140.8,146.3,151.5,156.4,160.7,164.5,167.9,169.7,170.5,171.3,173.6,179.4,187.2,194.8,202.1,207,209.4,211.9,215.2,218.7,222.1,224.5,225.7,225.9,225.4,225,224.9,226,228.9,233.2,238.7,244.3,249,253.3,257.8,262.3,266.8,271.5,275.9
Worldwide,Key Market Indicators,Male Population,"Male Population, 55-59 Years",million #,Statista,99.65,101.4,105,109.7,115.2,121.5,127.7,133.3,138.6,143.6,148.4,152.5,156.3,159.7,161.7,162.5,163.3,165.6,171.2,178.7,185.9,192.6,197,199.2,201.8,205.2,208.9,212.6,215.2,216.4,216.6,216.2,215.9,215.9,217,219.8,224,229.4,234.9,239.5,243.8
Worldwide,Key Market Indicators,Male Population,"Male Population, 60-64 Years",million #,Statista,302.6,299.9,298.5,297.7,297.3,297.6,298.5,299.6,300.9,302.6,304.1,305.6,307.9,310.9,314.4,317.7,320.9,323.9,326.4,328,329,329.6,329.6,328.2,325.7,322.1,317.5,312.4,308.4,305.6,304.1,303.7,303.7,303.8,303.9,304.1,304.4,304.7,305.1,305.5,306
Worldwide,Key Market Indicators,Male Population,"Male Population, 65-69 Years",million #,Statista,87.98,89.13,89.78,90.21,90.88,91.75,93.58,97.08,101.6,106.8,112.7,118.5,123.7,128.8,133.5,138.1,142.1,145.6,148.8,150.7,151.4,151.6,153.3,158.6,165.9,173,179.9,184.6,187,189.6,192.9,196.6,200.2,202.7,204,204.3,204,203.8,203.8,204.9,207.8
Worldwide,Key Market Indicators,Male Population,"Male Population, 70-74 Years",million #,Statista,70.05,71.33,72.92,74.49,75.93,77.31,78.48,79.25,79.87,80.72,81.71,83.54,86.83,90.97,95.7,101.1,106.4,111.2,115.8,120.1,124.2,127.3,130,132.8,134.6,135.6,136.4,138.7,144,150.9,157.7,164.1,168.6,171.1,173.6,176.9,180.5,184,186.5,187.8,188.2
Worldwide,Key Market Indicators,Male Population,"Male Population, 75-79 Years",million #,Statista,52.42,53.85,54.96,55.94,56.84,57.76,58.96,60.42,61.86,63.17,64.45,65.6,66.43,67.2,68.16,69.18,70.92,73.93,77.63,81.82,86.35,90.39,93.99,97.79,101.7,105.6,109,112.1,115,116.8,117.7,118.6,120.8,125.8,132.2,138.4,144.4,148.5,150.9,153.4,156.6
Worldwide,Key Market Indicators,Male Population,"Male Population, 80-84 Years",million #,Statista,32.33,33.6,34.99,36.39,37.75,39.1,40.28,41.23,42.12,42.96,43.82,44.9,46.17,47.43,48.59,49.76,50.83,51.68,52.5,53.45,54.27,55.39,57.5,60.42,63.9,67.84,71.73,75.34,78.78,82.1,85.42,88.37,91.12,93.67,95.27,96.2,97.11,99.18,103.7,109.4,114.8
Worldwide,Key Market Indicators,Male Population,"Male Population, 85-89 Years",million #,Statista,15.67,16.57,17.53,18.57,19.63,20.55,21.47,22.48,23.5,24.53,25.56,26.48,27.24,27.97,28.7,29.44,30.33,31.34,32.33,33.25,34.03,34.51,34.85,35.49,36.42,37.34,38.7,40.82,43.3,46.01,49.01,51.96,54.72,57.34,59.89,62.49,64.82,67.04,69.12,70.47,71.33
Worldwide,Key Market Indicators,Male Population,"Male Population, 90-94 Years",million #,Statista,6.847,6.982,7.075,7.168,7.372,7.769,8.3,8.852,9.443,10.04,10.58,11.14,11.75,12.38,13.04,13.69,14.27,14.76,15.27,15.79,16.18,16.46,16.81,17.36,18.01,18.72,19.42,20.06,20.7,21.37,22.03,22.98,24.44,26.12,27.9,29.84,31.74,33.54,35.24,36.92,38.67
Worldwide,Key Market Indicators,Male Population,"Male Population, 95-99 Years",million #,Statista,1.855,1.957,2.063,2.169,2.279,2.368,2.429,2.48,2.534,2.639,2.823,3.057,3.288,3.539,3.809,4.057,4.31,4.583,4.86,5.151,5.414,5.591,5.725,5.916,6.151,6.397,6.698,7.034,7.372,7.705,8.064,8.429,8.765,9.113,9.479,9.823,10.33,11.12,11.99,12.9,13.84
Worldwide,Key Market Indicators,Male Population,"Male Population, 100+ Years",million #,Statista,0.299,0.318,0.336,0.354,0.376,0.398,0.422,0.449,0.476,0.504,0.528,0.546,0.561,0.579,0.615,0.672,0.739,0.802,0.875,0.949,1.009,1.065,1.121,1.185,1.262,1.346,1.422,1.49,1.561,1.634,1.711,1.807,1.913,2.02,2.126,2.244,2.364,2.475,2.593,2.715,2.827
Worldwide,Key Market Indicators,Price Level Index (PLI),Price Level Index,index,Statista,79.07,74.23,71.18,75.31,77.97,78.29,78.36,81.57,83.99,81.15,82.1,84.58,81.39,79.21,77.32,70.84,69.54,69.46,69.08,67.27,66.58,67.32,62.9,57.65,54.4,51.84,48.97,46.15,43.09,40.84,39.04,37.65,36.6,35.83,35.3,34.95,34.74,34.65,34.66,34.74,34.88
Worldwide,Key Market Indicators,Price Level Index (PLI),"Price Level Index, Food & Beverages",index,Statista,87.68,81.32,77.21,83.14,86.26,87.28,88.31,92.95,97.23,93.32,96.21,99,94.77,93.16,90.42,81.08,81.16,83.18,83.66,82.87,82.84,84.16,79.89,75.21,73.48,72.73,71.9,71.64,70.59,70.6,70.9,71.45,72.26,73.24,74.33,75.47,76.71,78.08,79.51,80.94,82.34
Worldwide,Key Market Indicators,Price Level Index (PLI),"Price Level Index, Alcohol & Tobacco",index,Statista,79.1,73.92,71.48,78.52,83.5,84.56,85.91,90.18,93.31,84.17,84.23,89.89,88.81,90.43,90.42,82.62,81.12,82.13,83.12,80.92,82.48,84.36,80.76,77.61,75.45,73.46,70.84,68.5,64.95,62.44,60.31,58.57,57.21,56.16,55.38,54.81,54.4,54.13,53.95,53.84,53.75
Worldwide,Key Market Indicators,Price Level Index (PLI),"Price Level Index, Clothing & Footwear",index,Statista,80.34,75.38,71.73,77.52,80.94,82.53,83.06,88.22,91.78,85.55,86.71,90.04,85.28,83.18,82.45,75.86,74.66,76.2,76.39,75.65,77.53,79.65,75.19,69.69,66.38,64.19,61.95,60.53,58.7,57.72,57.14,56.84,56.78,56.96,57.31,57.77,58.35,59.04,59.79,60.6,61.48
Worldwide,Key Market Indicators,Price Level Index (PLI),"Price Level Index, Housing",index,Statista,72.2,67.6,64.13,67.42,69.43,69.85,69.74,72.49,74.39,71.5,72.49,75.2,72.02,68.81,66.09,59.56,57.27,55.68,54.5,52.14,51.21,50.88,46.3,40.6,37.03,34.18,31.16,27.93,25.09,22.94,21.24,19.91,18.88,18.06,17.42,16.91,16.49,16.15,15.87,15.62,15.41
Worldwide,Key Market Indicators,Price Level Index (PLI),"Price Level Index, Household Goods & Services",index,Statista,73.84,69.88,67.45,73.61,77.58,78.54,79.18,83.81,87.34,83.84,87.62,92.4,89.43,90.07,90.64,83.42,83.9,86.46,87.56,85.88,85.75,87.11,81.75,75.55,71.45,68.38,65.4,62.88,60.1,58.4,57.12,56.18,55.52,55.11,54.88,54.75,54.7,54.75,54.86,54.98,55.12
Worldwide,Key Market Indicators,Price Level Index (PLI),"Price Level Index, Health",index,Statista,75.21,72.53,70.11,70.82,71.7,70.72,70.75,70.82,71.35,69.73,69.14,69.26,67.28,65.61,64.34,61.31,60.28,59.72,58.84,57.66,57.21,57.15,54.26,50.18,47.14,44.57,41.76,38.8,36.13,33.97,32.18,30.73,29.56,28.6,27.82,27.18,26.65,26.19,25.79,25.44,25.11
Worldwide,Key Market Indicators,Price Level Index (PLI),"Price Level Index, Transportation",index,Statista,99.68,94.2,91.07,96.48,100,98.6,98.09,102.2,103,104.1,101.8,100.8,97.47,96.74,95.48,90.84,89.48,89.11,89.6,87.87,87.19,84.71,78.62,77.01,75.49,74.31,72.75,76.2,74.02,73.02,72.26,71.74,71.41,71.3,71.35,71.53,71.82,72.21,72.67,73.2,73.78
Worldwide,Key Market Indicators,Price Level Index (PLI),"Price Level Index, Communication",index,Statista,59.96,54.54,51.13,53.8,56.04,56.6,55.96,58.24,58.59,54.44,55.02,56.47,53.29,51.13,51.39,48.84,49.98,52.4,52.94,52.93,50.72,53.52,53.49,50.51,48.42,46.71,44.41,40.74,38.46,37.06,36.15,35.66,35.49,35.62,36,36.59,37.31,38.15,39.05,40.05,41.17
Worldwide,Key Market Indicators,Price Level Index (PLI),"Price Level Index, Recreation & Culture",index,Statista,75.84,72.08,70.8,76.1,79.75,80.5,80.76,84.34,88.31,88.15,90.97,95.78,94.85,93.47,92.51,86.45,86.75,87.5,89.82,89.66,93.89,96.2,94.15,93.08,93.01,93.12,92.72,93.68,91.77,90.78,89.99,89.4,88.99,88.78,88.72,88.76,88.86,89.02,89.21,89.41,89.61
Worldwide,Key Market Indicators,Price Level Index (PLI),"Price Level Index, Education",index,Statista,53.96,49.25,45.73,45.71,45.12,44.64,44.35,45.86,46.17,43.93,44.06,44.7,42.65,39.28,38.03,34.58,33.74,33.31,32.75,31.07,30.05,29.83,25.05,19.73,17.48,16.1,14.71,13.3,12.15,11.36,10.78,10.36,10.06,9.86,9.74,9.67,9.64,9.63,9.67,9.72,9.78
Worldwide,Key Market Indicators,Price Level Index (PLI),"Price Level Index, Restaurants & Hotels",index,Statista,82.47,77.38,74.4,78.77,81.82,82.05,81.85,85.13,87.75,83.97,85.12,88.67,86.02,85.71,84.17,77.21,74.64,74.15,74.43,72.04,69.86,73.12,72.2,70.01,68.14,66.31,64.17,62.82,60.23,58.32,56.73,55.49,54.48,53.71,53.13,52.7,52.39,52.19,52.08,52.04,52.05
Worldwide,Key Market Indicators,Price Level Index (PLI),"Price Level Index, Other Goods & Services",index,Statista,84.25,79.66,77.75,82.17,85.48,85.94,85.62,88.91,93.08,94.06,93.7,96.54,92.29,89.36,85.88,77.82,76.03,75.46,74.31,72.32,72.74,73.82,69.32,65.51,62.58,59.96,56.84,53.5,49.88,47.07,44.66,42.67,41.01,39.62,38.47,37.49,36.66,35.95,35.32,34.76,34.23
